timestamp,total_nodes,online,offline,down
2024-01-01 00:00:00.937496,422,413,6,3
2024-01-01 00:00:05.192306,422,415,0,7
2024-01-01 00:00:10.926139,422,404,9,9
2024-01-01 00:00:15.299145,422,403,19,0
2024-01-01 00:00:20.780362,422,406,16,0
2024-01-01 00:00:25.740735,422,420,2,0
2024-01-01 00:00:30.690796,422,404,17,1
2024-01-01 00:00:35.867820,422,415,3,4
2024-01-01 00:00:40.825632,422,411,9,2
2024-01-01 00:00:45.917895,422,413,5,4
2024-01-01 00:00:50.245285,422,398,17,7
2024-01-01 00:00:55.016866,422,396,17,9
2024-01-01 00:01:00.765279,422,410,9,3
2024-01-01 00:01:05.585475,422,418,3,1
2024-01-01 00:01:10.358131,422,411,7,4
2024-01-01 00:01:15.458659,422,413,3,6
2024-01-01 00:01:20.402206,422,415,7,0
2024-01-01 00:01:25.201615,422,416,5,1
2024-01-01 00:01:30.929897,422,407,9,6
2024-01-01 00:01:35.592423,422,405,10,7
2024-01-01 00:01:40.173672,422,416,1,5
2024-01-01 00:01:45.151023,422,403,15,4
2024-01-01 00:01:50.335422,422,407,7,8
2024-01-01 00:01:55.885610,422,399,16,7
2024-01-01 00:02:00.581733,422,403,18,1
2024-01-01 00:02:05.396137,422,420,2,0
2024-01-01 00:02:10.251739,422,414,2,6
2024-01-01 00:02:15.591989,422,401,15,6
2024-01-01 00:02:20.337629,422,411,8,3
2024-01-01 00:02:25.436095,422,401,13,8
2024-01-01 00:02:30.885965,422,411,4,7
2024-01-01 00:02:35.223913,422,407,15,0
2024-01-01 00:02:40.275345,422,414,4,4
2024-01-01 00:02:45.092402,422,411,11,0
2024-01-01 00:02:50.597833,422,407,7,8
2024-01-01 00:02:55.736105,422,416,1,5
2024-01-01 00:03:00.168289,422,412,10,0
2024-01-01 00:03:05.133984,422,397,16,9
2024-01-01 00:03:10.506862,422,410,6,6
2024-01-01 00:03:15.364903,422,411,3,8
2024-01-01 00:03:20.367466,422,409,8,5
2024-01-01 00:03:25.409241,422,400,19,3
2024-01-01 00:03:30.645440,422,408,5,9
2024-01-01 00:03:35.342179,422,403,12,7
2024-01-01 00:03:40.253061,422,401,19,2
2024-01-01 00:03:45.009480,422,412,5,5
2024-01-01 00:03:50.426434,422,421,0,1
2024-01-01 00:03:55.366493,422,398,17,7
2024-01-01 00:04:00.326569,422,403,13,6
2024-01-01 00:04:05.091943,422,415,4,3
2024-01-01 00:04:10.309590,422,415,6,1
2024-01-01 00:04:15.409226,422,400,15,7
2024-01-01 00:04:20.028555,422,418,3,1
2024-01-01 00:04:25.564781,422,403,19,0
2024-01-01 00:04:30.443687,422,409,12,1
2024-01-01 00:04:35.955327,422,395,19,8
2024-01-01 00:04:40.118607,422,408,13,1
2024-01-01 00:04:45.438942,422,413,1,8
2024-01-01 00:04:50.908406,422,404,10,8
2024-01-01 00:04:55.646798,422,406,13,3
2024-01-01 00:05:00.609248,422,419,2,1
2024-01-01 00:05:05.414854,422,407,15,0
2024-01-01 00:05:10.654495,422,407,8,7
2024-01-01 00:05:15.230886,422,403,17,2
2024-01-01 00:05:20.561366,422,418,3,1
2024-01-01 00:05:25.657317,422,411,8,3
2024-01-01 00:05:30.401593,422,402,19,1
2024-01-01 00:05:35.899278,422,411,5,6
2024-01-01 00:05:40.112324,422,416,2,4
2024-01-01 00:05:45.030504,422,411,7,4
2024-01-01 00:05:50.259771,422,413,9,0
2024-01-01 00:05:55.310124,422,416,0,6
2024-01-01 00:06:00.510022,422,417,4,1
2024-01-01 00:06:05.198394,422,402,16,4
2024-01-01 00:06:10.599682,422,411,5,6
2024-01-01 00:06:15.463413,422,417,2,3
2024-01-01 00:06:20.910171,422,416,4,2
2024-01-01 00:06:25.282285,422,406,9,7
2024-01-01 00:06:30.839285,422,401,14,7
2024-01-01 00:06:35.319475,422,415,5,2
2024-01-01 00:06:40.239970,422,409,7,6
2024-01-01 00:06:45.055381,422,411,4,7
2024-01-01 00:06:50.801161,422,413,1,8
2024-01-01 00:06:55.304074,422,400,15,7
2024-01-01 00:07:00.380495,422,420,0,2
2024-01-01 00:07:05.909459,422,406,14,2
2024-01-01 00:07:10.306758,422,418,1,3
2024-01-01 00:07:15.140973,422,413,7,2
2024-01-01 00:07:20.219782,422,405,16,1
2024-01-01 00:07:25.233746,422,411,11,0
2024-01-01 00:07:30.942152,422,396,19,7
2024-01-01 00:07:35.710645,422,416,4,2
2024-01-01 00:07:40.137273,422,400,16,6
2024-01-01 00:07:45.308378,422,403,10,9
2024-01-01 00:07:50.201162,422,415,4,3
2024-01-01 00:07:55.008318,422,397,19,6
2024-01-01 00:08:00.404403,422,399,15,8
2024-01-01 00:08:05.051912,422,413,7,2
2024-01-01 00:08:10.441425,422,414,2,6
2024-01-01 00:08:15.127565,422,408,14,0
2024-01-01 00:08:20.914660,422,402,18,2
2024-01-01 00:08:25.249201,422,413,4,5
2024-01-01 00:08:30.975217,422,410,7,5
2024-01-01 00:08:35.777181,422,411,4,7
2024-01-01 00:08:40.289111,422,403,19,0
2024-01-01 00:08:45.773639,422,406,7,9
2024-01-01 00:08:50.207257,422,408,11,3
2024-01-01 00:08:55.703481,422,415,7,0
2024-01-01 00:09:00.714571,422,407,6,9
2024-01-01 00:09:05.993587,422,415,4,3
2024-01-01 00:09:10.470558,422,405,13,4
2024-01-01 00:09:15.050272,422,407,9,6
2024-01-01 00:09:20.776339,422,407,7,8
2024-01-01 00:09:25.791364,422,410,5,7
2024-01-01 00:09:30.728749,422,411,3,8
2024-01-01 00:09:35.368974,422,401,18,3
2024-01-01 00:09:40.726117,422,406,11,5
2024-01-01 00:09:45.211901,422,409,5,8
2024-01-01 00:09:50.503088,422,410,4,8
2024-01-01 00:09:55.931629,422,405,8,9
2024-01-01 00:10:00.038184,422,395,19,8
2024-01-01 00:10:05.322179,422,399,17,6
2024-01-01 00:10:10.372060,422,405,12,5
2024-01-01 00:10:15.168681,422,401,19,2
2024-01-01 00:10:20.163831,422,403,10,9
2024-01-01 00:10:25.826659,422,406,12,4
2024-01-01 00:10:30.377701,422,406,7,9
2024-01-01 00:10:35.698768,422,402,13,7
2024-01-01 00:10:40.524811,422,398,18,6
2024-01-01 00:10:45.883353,422,394,19,9
2024-01-01 00:10:50.150539,422,405,8,9
2024-01-01 00:10:55.459188,422,409,4,9
2024-01-01 00:11:00.876192,422,396,19,7
2024-01-01 00:11:05.385661,422,415,6,1
2024-01-01 00:11:10.854908,422,398,19,5
2024-01-01 00:11:15.219927,422,409,10,3
2024-01-01 00:11:20.635999,422,409,13,0
2024-01-01 00:11:25.734524,422,407,15,0
2024-01-01 00:11:30.221193,422,405,16,1
2024-01-01 00:11:35.162627,422,409,4,9
2024-01-01 00:11:40.123961,422,417,4,1
2024-01-01 00:11:45.985894,422,406,11,5
2024-01-01 00:11:50.005403,422,412,5,5
2024-01-01 00:11:55.725046,422,408,7,7
2024-01-01 00:12:00.512117,422,398,19,5
2024-01-01 00:12:05.135150,422,403,17,2
2024-01-01 00:12:10.052914,422,406,12,4
2024-01-01 00:12:15.526358,422,421,0,1
2024-01-01 00:12:20.999559,422,403,11,8
2024-01-01 00:12:25.701122,422,404,12,6
2024-01-01 00:12:30.740028,422,399,19,4
2024-01-01 00:12:35.113366,422,416,4,2
2024-01-01 00:12:40.141009,422,407,6,9
2024-01-01 00:12:45.920318,422,402,12,8
2024-01-01 00:12:50.184561,422,399,14,9
2024-01-01 00:12:55.992475,422,419,1,2
2024-01-01 00:13:00.977379,422,413,3,6
2024-01-01 00:13:05.037040,422,399,14,9
2024-01-01 00:13:10.256147,422,414,6,2
2024-01-01 00:13:15.415330,422,412,5,5
2024-01-01 00:13:20.696106,422,415,0,7
2024-01-01 00:13:25.865032,422,417,3,2
2024-01-01 00:13:30.205683,422,400,18,4
2024-01-01 00:13:35.173188,422,406,15,1
2024-01-01 00:13:40.312133,422,395,18,9
2024-01-01 00:13:45.849453,422,399,14,9
2024-01-01 00:13:50.658394,422,414,1,7
2024-01-01 00:13:55.978612,422,418,2,2
2024-01-01 00:14:00.474328,422,405,16,1
2024-01-01 00:14:05.968245,422,414,8,0
2024-01-01 00:14:10.111826,422,408,14,0
2024-01-01 00:14:15.130716,422,407,14,1
2024-01-01 00:14:20.085111,422,395,18,9
2024-01-01 00:14:25.995280,422,409,7,6
2024-01-01 00:14:30.143981,422,409,10,3
2024-01-01 00:14:35.840391,422,416,1,5
2024-01-01 00:14:40.125957,422,403,18,1
2024-01-01 00:14:45.425532,422,404,12,6
2024-01-01 00:14:50.465359,422,406,11,5
2024-01-01 00:14:55.102622,422,414,1,7
2024-01-01 00:15:00.119260,422,420,2,0
2024-01-01 00:15:05.760726,422,400,19,3
2024-01-01 00:15:10.211882,422,418,3,1
2024-01-01 00:15:15.782311,422,406,15,1
2024-01-01 00:15:20.430770,422,412,2,8
2024-01-01 00:15:25.410769,422,417,3,2
2024-01-01 00:15:30.610536,422,401,19,2
2024-01-01 00:15:35.055834,422,403,12,7
2024-01-01 00:15:40.140817,422,413,8,1
2024-01-01 00:15:45.385975,422,419,3,0
2024-01-01 00:15:50.535434,422,410,12,0
2024-01-01 00:15:55.526306,422,410,5,7
2024-01-01 00:16:00.271062,422,418,4,0
2024-01-01 00:16:05.162118,422,406,10,6
2024-01-01 00:16:10.555131,422,410,9,3
2024-01-01 00:16:15.935865,422,412,9,1
2024-01-01 00:16:20.548847,422,414,6,2
2024-01-01 00:16:25.785975,422,415,4,3
2024-01-01 00:16:30.983251,422,399,17,6
2024-01-01 00:16:35.304233,422,408,10,4
2024-01-01 00:16:40.899904,422,418,0,4
2024-01-01 00:16:45.238554,422,411,8,3
2024-01-01 00:16:50.906134,422,408,10,4
2024-01-01 00:16:55.386426,422,404,18,0
2024-01-01 00:17:00.584985,422,415,7,0
2024-01-01 00:17:05.400152,422,411,7,4
2024-01-01 00:17:10.980103,422,398,16,8
2024-01-01 00:17:15.013487,422,405,10,7
2024-01-01 00:17:20.982129,422,413,7,2
2024-01-01 00:17:25.634675,422,406,10,6
2024-01-01 00:17:30.136339,422,406,8,8
2024-01-01 00:17:35.276280,422,408,7,7
2024-01-01 00:17:40.747510,422,415,6,1
2024-01-01 00:17:45.041922,422,419,1,2
2024-01-01 00:17:50.335910,422,401,15,6
2024-01-01 00:17:55.160649,422,419,3,0
2024-01-01 00:18:00.708388,422,411,7,4
2024-01-01 00:18:05.857034,422,399,15,8
2024-01-01 00:18:10.950975,422,397,19,6
2024-01-01 00:18:15.607318,422,414,3,5
2024-01-01 00:18:20.576209,422,416,1,5
2024-01-01 00:18:25.705918,422,422,0,0
2024-01-01 00:18:30.955376,422,410,4,8
2024-01-01 00:18:35.571411,422,408,8,6
2024-01-01 00:18:40.474400,422,412,5,5
2024-01-01 00:18:45.236704,422,403,15,4
2024-01-01 00:18:50.621171,422,398,16,8
2024-01-01 00:18:55.745630,422,415,5,2
2024-01-01 00:19:00.413795,422,396,17,9
2024-01-01 00:19:05.624817,422,420,0,2
2024-01-01 00:19:10.563561,422,407,8,7
2024-01-01 00:19:15.360706,422,412,1,9
2024-01-01 00:19:20.537911,422,418,0,4
2024-01-01 00:19:25.466799,422,410,3,9
2024-01-01 00:19:30.146540,422,398,19,5
2024-01-01 00:19:35.639423,422,407,7,8
2024-01-01 00:19:40.407307,422,402,15,5
2024-01-01 00:19:45.779590,422,400,18,4
2024-01-01 00:19:50.827473,422,419,2,1
2024-01-01 00:19:55.751700,422,419,2,1
2024-01-01 00:20:00.203450,422,396,17,9
2024-01-01 00:20:05.796008,422,414,5,3
2024-01-01 00:20:10.800985,422,417,1,4
2024-01-01 00:20:15.156920,422,414,4,4
2024-01-01 00:20:20.519252,422,416,0,6
2024-01-01 00:20:25.386605,422,412,6,4
2024-01-01 00:20:30.176835,422,412,1,9
2024-01-01 00:20:35.989852,422,396,17,9
2024-01-01 00:20:40.247586,422,413,6,3
2024-01-01 00:20:45.564107,422,400,15,7
2024-01-01 00:20:50.984314,422,417,2,3
2024-01-01 00:20:55.965376,422,415,0,7
2024-01-01 00:21:00.182618,422,406,10,6
2024-01-01 00:21:05.822126,422,410,7,5
2024-01-01 00:21:10.675810,422,421,1,0
2024-01-01 00:21:15.016216,422,399,15,8
2024-01-01 00:21:20.622536,422,404,9,9
2024-01-01 00:21:25.863870,422,411,3,8
2024-01-01 00:21:30.642691,422,410,9,3
2024-01-01 00:21:35.973244,422,408,5,9
2024-01-01 00:21:40.223882,422,413,6,3
2024-01-01 00:21:45.835876,422,396,19,7
2024-01-01 00:21:50.347576,422,413,6,3
2024-01-01 00:21:55.336755,422,421,1,0
2024-01-01 00:22:00.540998,422,409,5,8
2024-01-01 00:22:05.771771,422,401,14,7
2024-01-01 00:22:10.985324,422,405,16,1
2024-01-01 00:22:15.229546,422,408,11,3
2024-01-01 00:22:20.099309,422,411,9,2
2024-01-01 00:22:25.270350,422,401,14,7
2024-01-01 00:22:30.001409,422,403,13,6
2024-01-01 00:22:35.686406,422,402,19,1
2024-01-01 00:22:40.791282,422,401,19,2
2024-01-01 00:22:45.641859,422,419,2,1
2024-01-01 00:22:50.247238,422,396,17,9
2024-01-01 00:22:55.016115,422,406,7,9
2024-01-01 00:23:00.046843,422,411,10,1
2024-01-01 00:23:05.288497,422,419,2,1
2024-01-01 00:23:10.926535,422,408,12,2
2024-01-01 00:23:15.552050,422,408,9,5
2024-01-01 00:23:20.670982,422,413,9,0
2024-01-01 00:23:25.057805,422,407,9,6
2024-01-01 00:23:30.853459,422,411,6,5
2024-01-01 00:23:35.925358,422,420,0,2
2024-01-01 00:23:40.800579,422,407,14,1
2024-01-01 00:23:45.049338,422,407,9,6
2024-01-01 00:23:50.058460,422,402,17,3
2024-01-01 00:23:55.314191,422,405,11,6
2024-01-01 00:24:00.139825,422,406,9,7
2024-01-01 00:24:05.998732,422,412,4,6
2024-01-01 00:24:10.321505,422,417,1,4
2024-01-01 00:24:15.830152,422,402,12,8
2024-01-01 00:24:20.575459,422,416,2,4
2024-01-01 00:24:25.892640,422,409,6,7
2024-01-01 00:24:30.599044,422,413,5,4
2024-01-01 00:24:35.414537,422,409,6,7
2024-01-01 00:24:40.461894,422,396,17,9
2024-01-01 00:24:45.819396,422,413,8,1
2024-01-01 00:24:50.954099,422,406,12,4
2024-01-01 00:24:55.725995,422,407,11,4
2024-01-01 00:25:00.588420,422,405,11,6
2024-01-01 00:25:05.773929,422,402,14,6
2024-01-01 00:25:10.042182,422,408,10,4
2024-01-01 00:25:15.272299,422,414,1,7
2024-01-01 00:25:20.023916,422,408,5,9
2024-01-01 00:25:25.686401,422,408,8,6
2024-01-01 00:25:30.535327,422,403,14,5
2024-01-01 00:25:35.505271,422,410,3,9
2024-01-01 00:25:40.767213,422,419,0,3
2024-01-01 00:25:45.987456,422,406,12,4
2024-01-01 00:25:50.380503,422,416,5,1
2024-01-01 00:25:55.757253,422,413,3,6
2024-01-01 00:26:00.139749,422,412,1,9
2024-01-01 00:26:05.376997,422,405,12,5
2024-01-01 00:26:10.357743,422,401,12,9
2024-01-01 00:26:15.688907,422,415,7,0
2024-01-01 00:26:20.436954,422,406,9,7
2024-01-01 00:26:25.513525,422,398,16,8
2024-01-01 00:26:30.082721,422,422,0,0
2024-01-01 00:26:35.077969,422,406,12,4
2024-01-01 00:26:40.901350,422,414,3,5
2024-01-01 00:26:45.142876,422,400,17,5
2024-01-01 00:26:50.424120,422,408,9,5
2024-01-01 00:26:55.830797,422,403,12,7
2024-01-01 00:27:00.399534,422,413,6,3
2024-01-01 00:27:05.385185,422,403,16,3
2024-01-01 00:27:10.210217,422,397,17,8
2024-01-01 00:27:15.618441,422,403,11,8
2024-01-01 00:27:20.054354,422,413,0,9
2024-01-01 00:27:25.031151,422,398,18,6
2024-01-01 00:27:30.224564,422,414,8,0
2024-01-01 00:27:35.235479,422,418,2,2
2024-01-01 00:27:40.421837,422,402,13,7
2024-01-01 00:27:45.253083,422,415,4,3
2024-01-01 00:27:50.418737,422,398,16,8
2024-01-01 00:27:55.822918,422,415,2,5
2024-01-01 00:28:00.120795,422,401,17,4
2024-01-01 00:28:05.245219,422,398,15,9
2024-01-01 00:28:10.144084,422,405,8,9
2024-01-01 00:28:15.886627,422,405,9,8
2024-01-01 00:28:20.356744,422,406,10,6
2024-01-01 00:28:25.735114,422,410,7,5
2024-01-01 00:28:30.259464,422,404,13,5
2024-01-01 00:28:35.185273,422,415,5,2
2024-01-01 00:28:40.218731,422,407,15,0
2024-01-01 00:28:45.222881,422,408,9,5
2024-01-01 00:28:50.746502,422,407,12,3
2024-01-01 00:28:55.587227,422,416,0,6
2024-01-01 00:29:00.097351,422,414,7,1
2024-01-01 00:29:05.955641,422,417,5,0
2024-01-01 00:29:10.591765,422,409,5,8
2024-01-01 00:29:15.319278,422,418,2,2
2024-01-01 00:29:20.117748,422,400,14,8
2024-01-01 00:29:25.501189,422,415,6,1
2024-01-01 00:29:30.570573,422,413,1,8
2024-01-01 00:29:35.923105,422,410,5,7
2024-01-01 00:29:40.611150,422,414,8,0
2024-01-01 00:29:45.521714,422,406,16,0
2024-01-01 00:29:50.778194,422,404,10,8
2024-01-01 00:29:55.325096,422,397,18,7
2024-01-01 00:30:00.427689,422,415,2,5
2024-01-01 00:30:05.691122,422,418,3,1
2024-01-01 00:30:10.999894,422,395,18,9
2024-01-01 00:30:15.692840,422,416,6,0
2024-01-01 00:30:20.545713,422,398,15,9
2024-01-01 00:30:25.526894,422,397,19,6
2024-01-01 00:30:30.338255,422,410,5,7
2024-01-01 00:30:35.383914,422,400,17,5
2024-01-01 00:30:40.490038,422,409,6,7
2024-01-01 00:30:45.174547,422,414,0,8
2024-01-01 00:30:50.526580,422,409,4,9
2024-01-01 00:30:55.355164,422,417,0,5
2024-01-01 00:31:00.747605,422,404,17,1
2024-01-01 00:31:05.215333,422,409,4,9
2024-01-01 00:31:10.119303,422,405,12,5
2024-01-01 00:31:15.614070,422,406,7,9
2024-01-01 00:31:20.862769,422,404,17,1
2024-01-01 00:31:25.325645,422,413,1,8
2024-01-01 00:31:30.730721,422,418,0,4
2024-01-01 00:31:35.441945,422,405,10,7
2024-01-01 00:31:40.137117,422,410,7,5
2024-01-01 00:31:45.520364,422,418,0,4
2024-01-01 00:31:50.588530,422,414,6,2
2024-01-01 00:31:55.884150,422,412,5,5
2024-01-01 00:32:00.777466,422,418,4,0
2024-01-01 00:32:05.843547,422,410,12,0
2024-01-01 00:32:10.089368,422,398,15,9
2024-01-01 00:32:15.899070,422,406,8,8
2024-01-01 00:32:20.949014,422,405,14,3
2024-01-01 00:32:25.608542,422,409,8,5
2024-01-01 00:32:30.539321,422,417,0,5
2024-01-01 00:32:35.586023,422,400,15,7
2024-01-01 00:32:40.536593,422,412,8,2
2024-01-01 00:32:45.026393,422,408,13,1
2024-01-01 00:32:50.034361,422,413,3,6
2024-01-01 00:32:55.218811,422,408,11,3
2024-01-01 00:33:00.968985,422,412,5,5
2024-01-01 00:33:05.022938,422,412,6,4
2024-01-01 00:33:10.589085,422,410,8,4
2024-01-01 00:33:15.120271,422,410,9,3
2024-01-01 00:33:20.588449,422,408,5,9
2024-01-01 00:33:25.136606,422,414,2,6
2024-01-01 00:33:30.703777,422,402,15,5
2024-01-01 00:33:35.567865,422,411,4,7
2024-01-01 00:33:40.884940,422,412,4,6
2024-01-01 00:33:45.237325,422,416,4,2
2024-01-01 00:33:50.183010,422,407,9,6
2024-01-01 00:33:55.726650,422,415,1,6
2024-01-01 00:34:00.826471,422,414,6,2
2024-01-01 00:34:05.248606,422,398,16,8
2024-01-01 00:34:10.661517,422,416,1,5
2024-01-01 00:34:15.424924,422,407,7,8
2024-01-01 00:34:20.995211,422,405,13,4
2024-01-01 00:34:25.541293,422,418,1,3
2024-01-01 00:34:30.988001,422,398,15,9
2024-01-01 00:34:35.862179,422,400,16,6
2024-01-01 00:34:40.619480,422,410,11,1
2024-01-01 00:34:45.042445,422,403,12,7
2024-01-01 00:34:50.787995,422,406,10,6
2024-01-01 00:34:55.535880,422,420,2,0
2024-01-01 00:35:00.655724,422,400,15,7
2024-01-01 00:35:05.511324,422,404,14,4
2024-01-01 00:35:10.488418,422,408,10,4
2024-01-01 00:35:15.115977,422,415,0,7
2024-01-01 00:35:20.330487,422,420,2,0
2024-01-01 00:35:25.639842,422,416,4,2
2024-01-01 00:35:30.860127,422,414,6,2
2024-01-01 00:35:35.254806,422,407,10,5
2024-01-01 00:35:40.606315,422,412,4,6
2024-01-01 00:35:45.058503,422,401,14,7
2024-01-01 00:35:50.879031,422,416,2,4
2024-01-01 00:35:55.545918,422,398,19,5
2024-01-01 00:36:00.746274,422,412,9,1
2024-01-01 00:36:05.146895,422,399,15,8
2024-01-01 00:36:10.242539,422,404,9,9
2024-01-01 00:36:15.035369,422,404,15,3
2024-01-01 00:36:20.937228,422,411,10,1
2024-01-01 00:36:25.476749,422,418,2,2
2024-01-01 00:36:30.875772,422,400,17,5
2024-01-01 00:36:35.898882,422,409,5,8
2024-01-01 00:36:40.123444,422,414,8,0
2024-01-01 00:36:45.303594,422,405,15,2
2024-01-01 00:36:50.849965,422,403,10,9
2024-01-01 00:36:55.887643,422,405,16,1
2024-01-01 00:37:00.664309,422,401,19,2
2024-01-01 00:37:05.326587,422,407,7,8
2024-01-01 00:37:10.404402,422,412,7,3
2024-01-01 00:37:15.491435,422,416,0,6
2024-01-01 00:37:20.225694,422,414,0,8
2024-01-01 00:37:25.329873,422,398,19,5
2024-01-01 00:37:30.668400,422,417,0,5
2024-01-01 00:37:35.900188,422,417,2,3
2024-01-01 00:37:40.924302,422,400,14,8
2024-01-01 00:37:45.025274,422,410,8,4
2024-01-01 00:37:50.934384,422,416,0,6
2024-01-01 00:37:55.224569,422,404,11,7
2024-01-01 00:38:00.280733,422,418,2,2
2024-01-01 00:38:05.816673,422,402,15,5
2024-01-01 00:38:10.612890,422,405,8,9
2024-01-01 00:38:15.898121,422,405,17,0
2024-01-01 00:38:20.189059,422,409,5,8
2024-01-01 00:38:25.225832,422,400,15,7
2024-01-01 00:38:30.333067,422,397,19,6
2024-01-01 00:38:35.753311,422,415,1,6
2024-01-01 00:38:40.040979,422,411,3,8
2024-01-01 00:38:45.007890,422,421,0,1
2024-01-01 00:38:50.210390,422,413,0,9
2024-01-01 00:38:55.415896,422,401,15,6
2024-01-01 00:39:00.162772,422,419,2,1
2024-01-01 00:39:05.659294,422,401,18,3
2024-01-01 00:39:10.251013,422,403,15,4
2024-01-01 00:39:15.181875,422,419,2,1
2024-01-01 00:39:20.952808,422,401,17,4
2024-01-01 00:39:25.054419,422,400,14,8
2024-01-01 00:39:30.692900,422,400,18,4
2024-01-01 00:39:35.014960,422,408,11,3
2024-01-01 00:39:40.555184,422,407,14,1
2024-01-01 00:39:45.025006,422,413,1,8
2024-01-01 00:39:50.176819,422,396,17,9
2024-01-01 00:39:55.999917,422,404,16,2
2024-01-01 00:40:00.794747,422,418,3,1
2024-01-01 00:40:05.354142,422,402,19,1
2024-01-01 00:40:10.425781,422,402,16,4
2024-01-01 00:40:15.385740,422,400,16,6
2024-01-01 00:40:20.783613,422,397,17,8
2024-01-01 00:40:25.885039,422,417,0,5
2024-01-01 00:40:30.869772,422,413,6,3
2024-01-01 00:40:35.859118,422,411,4,7
2024-01-01 00:40:40.693016,422,416,5,1
2024-01-01 00:40:45.954425,422,418,0,4
2024-01-01 00:40:50.539537,422,407,10,5
2024-01-01 00:40:55.178479,422,400,19,3
2024-01-01 00:41:00.338954,422,419,2,1
2024-01-01 00:41:05.102389,422,415,4,3
2024-01-01 00:41:10.181003,422,407,8,7
2024-01-01 00:41:15.225615,422,394,19,9
2024-01-01 00:41:20.482905,422,407,10,5
2024-01-01 00:41:25.083151,422,416,1,5
2024-01-01 00:41:30.608136,422,402,14,6
2024-01-01 00:41:35.449321,422,405,14,3
2024-01-01 00:41:40.684683,422,402,19,1
2024-01-01 00:41:45.814490,422,412,4,6
2024-01-01 00:41:50.609498,422,400,14,8
2024-01-01 00:41:55.824057,422,404,13,5
2024-01-01 00:42:00.543654,422,415,6,1
2024-01-01 00:42:05.796810,422,411,9,2
2024-01-01 00:42:10.056640,422,406,14,2
2024-01-01 00:42:15.726067,422,412,7,3
2024-01-01 00:42:20.651250,422,409,13,0
2024-01-01 00:42:25.759671,422,398,19,5
2024-01-01 00:42:30.497418,422,406,14,2
2024-01-01 00:42:35.256401,422,412,1,9
2024-01-01 00:42:40.630202,422,408,8,6
2024-01-01 00:42:45.037822,422,417,0,5
2024-01-01 00:42:50.684708,422,412,9,1
2024-01-01 00:42:55.280607,422,405,12,5
2024-01-01 00:43:00.406558,422,402,14,6
2024-01-01 00:43:05.326589,422,409,11,2
2024-01-01 00:43:10.707314,422,406,11,5
2024-01-01 00:43:15.496941,422,406,15,1
2024-01-01 00:43:20.645175,422,401,17,4
2024-01-01 00:43:25.752017,422,411,11,0
2024-01-01 00:43:30.004650,422,407,15,0
2024-01-01 00:43:35.798603,422,410,5,7
2024-01-01 00:43:40.622989,422,415,1,6
2024-01-01 00:43:45.830769,422,413,6,3
2024-01-01 00:43:50.409959,422,414,3,5
2024-01-01 00:43:55.094934,422,413,3,6
2024-01-01 00:44:00.123275,422,412,8,2
2024-01-01 00:44:05.047481,422,405,14,3
2024-01-01 00:44:10.097849,422,400,19,3
2024-01-01 00:44:15.145363,422,405,14,3
2024-01-01 00:44:20.235043,422,415,3,4
2024-01-01 00:44:25.976511,422,421,1,0
2024-01-01 00:44:30.730931,422,413,8,1
2024-01-01 00:44:35.967657,422,414,0,8
2024-01-01 00:44:40.779620,422,410,5,7
2024-01-01 00:44:45.881873,422,399,16,7
2024-01-01 00:44:50.758132,422,411,8,3
2024-01-01 00:44:55.933274,422,416,6,0
2024-01-01 00:45:00.881120,422,396,19,7
2024-01-01 00:45:05.042404,422,407,14,1
2024-01-01 00:45:10.962420,422,412,2,8
2024-01-01 00:45:15.601876,422,401,16,5
2024-01-01 00:45:20.082740,422,405,13,4
2024-01-01 00:45:25.146940,422,404,13,5
2024-01-01 00:45:30.053720,422,405,8,9
2024-01-01 00:45:35.512940,422,416,1,5
2024-01-01 00:45:40.631690,422,406,15,1
2024-01-01 00:45:45.253827,422,416,4,2
2024-01-01 00:45:50.373000,422,413,3,6
2024-01-01 00:45:55.054092,422,403,14,5
2024-01-01 00:46:00.264105,422,401,17,4
2024-01-01 00:46:05.902254,422,416,2,4
2024-01-01 00:46:10.602650,422,402,11,9
2024-01-01 00:46:15.960352,422,401,19,2
2024-01-01 00:46:20.226505,422,415,4,3
2024-01-01 00:46:25.084066,422,400,15,7
2024-01-01 00:46:30.419955,422,412,7,3
2024-01-01 00:46:35.187537,422,412,2,8
2024-01-01 00:46:40.143643,422,405,16,1
2024-01-01 00:46:45.911390,422,402,19,1
2024-01-01 00:46:50.494527,422,406,9,7
2024-01-01 00:46:55.295649,422,405,11,6
2024-01-01 00:47:00.270252,422,417,2,3
2024-01-01 00:47:05.388229,422,401,17,4
2024-01-01 00:47:10.070027,422,409,13,0
2024-01-01 00:47:15.538742,422,401,12,9
2024-01-01 00:47:20.823825,422,398,17,7
2024-01-01 00:47:25.440926,422,394,19,9
2024-01-01 00:47:30.516730,422,408,9,5
2024-01-01 00:47:35.469838,422,401,19,2
2024-01-01 00:47:40.962112,422,419,0,3
2024-01-01 00:47:45.195076,422,410,5,7
2024-01-01 00:47:50.897082,422,406,10,6
2024-01-01 00:47:55.604748,422,407,11,4
2024-01-01 00:48:00.292785,422,412,10,0
2024-01-01 00:48:05.273500,422,414,6,2
2024-01-01 00:48:10.027983,422,413,0,9
2024-01-01 00:48:15.613893,422,419,3,0
2024-01-01 00:48:20.745541,422,410,11,1
2024-01-01 00:48:25.241235,422,415,3,4
2024-01-01 00:48:30.335862,422,412,5,5
2024-01-01 00:48:35.374601,422,406,16,0
2024-01-01 00:48:40.975076,422,414,2,6
2024-01-01 00:48:45.471889,422,399,15,8
2024-01-01 00:48:50.822806,422,406,11,5
2024-01-01 00:48:55.371931,422,408,10,4
2024-01-01 00:49:00.271240,422,400,13,9
2024-01-01 00:49:05.928495,422,406,8,8
2024-01-01 00:49:10.731034,422,415,1,6
2024-01-01 00:49:15.226759,422,407,11,4
2024-01-01 00:49:20.452275,422,416,3,3
2024-01-01 00:49:25.341459,422,395,18,9
2024-01-01 00:49:30.355911,422,399,16,7
2024-01-01 00:49:35.479177,422,404,16,2
2024-01-01 00:49:40.656396,422,405,14,3
2024-01-01 00:49:45.843774,422,402,18,2
2024-01-01 00:49:50.594649,422,416,2,4
2024-01-01 00:49:55.816907,422,416,6,0
2024-01-01 00:50:00.760573,422,398,15,9
2024-01-01 00:50:05.749947,422,409,12,1
2024-01-01 00:50:10.868269,422,411,5,6
2024-01-01 00:50:15.115772,422,410,8,4
2024-01-01 00:50:20.618256,422,409,5,8
2024-01-01 00:50:25.514129,422,407,6,9
2024-01-01 00:50:30.482252,422,405,9,8
2024-01-01 00:50:35.262163,422,404,16,2
2024-01-01 00:50:40.305283,422,396,18,8
2024-01-01 00:50:45.671205,422,398,15,9
2024-01-01 00:50:50.551472,422,406,14,2
2024-01-01 00:50:55.166867,422,409,10,3
2024-01-01 00:51:00.159399,422,416,2,4
2024-01-01 00:51:05.038948,422,407,10,5
2024-01-01 00:51:10.623161,422,406,15,1
2024-01-01 00:51:15.160682,422,410,3,9
2024-01-01 00:51:20.850978,422,402,13,7
2024-01-01 00:51:25.121334,422,397,19,6
2024-01-01 00:51:30.931494,422,405,13,4
2024-01-01 00:51:35.429404,422,416,1,5
2024-01-01 00:51:40.341851,422,406,13,3
2024-01-01 00:51:45.195857,422,407,9,6
2024-01-01 00:51:50.873540,422,420,1,1
2024-01-01 00:51:55.816494,422,409,5,8
2024-01-01 00:52:00.018019,422,414,0,8
2024-01-01 00:52:05.875266,422,416,6,0
2024-01-01 00:52:10.489947,422,403,17,2
2024-01-01 00:52:15.145035,422,404,11,7
2024-01-01 00:52:20.768649,422,415,3,4
2024-01-01 00:52:25.124741,422,412,1,9
2024-01-01 00:52:30.263669,422,401,18,3
2024-01-01 00:52:35.479305,422,397,16,9
2024-01-01 00:52:40.280653,422,412,2,8
2024-01-01 00:52:45.614929,422,412,8,2
2024-01-01 00:52:50.129391,422,415,4,3
2024-01-01 00:52:55.875376,422,418,2,2
2024-01-01 00:53:00.245942,422,418,0,4
2024-01-01 00:53:05.048022,422,417,1,4
2024-01-01 00:53:10.761001,422,396,18,8
2024-01-01 00:53:15.766126,422,407,9,6
2024-01-01 00:53:20.812413,422,415,3,4
2024-01-01 00:53:25.510123,422,409,10,3
2024-01-01 00:53:30.266751,422,398,15,9
2024-01-01 00:53:35.239973,422,412,9,1
2024-01-01 00:53:40.347793,422,417,4,1
2024-01-01 00:53:45.557769,422,408,6,8
2024-01-01 00:53:50.192044,422,414,6,2
2024-01-01 00:53:55.773202,422,412,7,3
2024-01-01 00:54:00.275561,422,410,8,4
2024-01-01 00:54:05.537102,422,415,5,2
2024-01-01 00:54:10.524185,422,404,18,0
2024-01-01 00:54:15.000420,422,401,12,9
2024-01-01 00:54:20.276075,422,408,10,4
2024-01-01 00:54:25.782334,422,408,7,7
2024-01-01 00:54:30.635432,422,417,3,2
2024-01-01 00:54:35.309701,422,402,17,3
2024-01-01 00:54:40.249582,422,413,4,5
2024-01-01 00:54:45.975146,422,398,15,9
2024-01-01 00:54:50.523141,422,409,6,7
2024-01-01 00:54:55.940931,422,398,18,6
2024-01-01 00:55:00.332940,422,415,4,3
2024-01-01 00:55:05.801462,422,402,15,5
2024-01-01 00:55:10.605685,422,406,9,7
2024-01-01 00:55:15.842542,422,399,14,9
2024-01-01 00:55:20.613895,422,400,13,9
2024-01-01 00:55:25.973737,422,411,11,0
2024-01-01 00:55:30.419728,422,402,13,7
2024-01-01 00:55:35.840654,422,419,1,2
2024-01-01 00:55:40.733655,422,409,7,6
2024-01-01 00:55:45.873061,422,402,13,7
2024-01-01 00:55:50.395539,422,414,5,3
2024-01-01 00:55:55.211421,422,404,17,1
2024-01-01 00:56:00.448640,422,406,10,6
2024-01-01 00:56:05.411118,422,415,3,4
2024-01-01 00:56:10.347338,422,410,9,3
2024-01-01 00:56:15.348648,422,401,14,7
2024-01-01 00:56:20.793622,422,410,4,8
2024-01-01 00:56:25.455098,422,409,7,6
2024-01-01 00:56:30.895836,422,399,18,5
2024-01-01 00:56:35.580601,422,411,9,2
2024-01-01 00:56:40.869509,422,404,10,8
2024-01-01 00:56:45.798128,422,416,0,6
2024-01-01 00:56:50.649675,422,413,9,0
2024-01-01 00:56:55.631910,422,413,9,0
2024-01-01 00:57:00.481262,422,414,0,8
2024-01-01 00:57:05.826901,422,417,5,0
2024-01-01 00:57:10.953691,422,410,5,7
2024-01-01 00:57:15.522976,422,398,16,8
2024-01-01 00:57:20.739986,422,404,16,2
2024-01-01 00:57:25.812676,422,400,13,9
2024-01-01 00:57:30.442388,422,406,7,9
2024-01-01 00:57:35.816247,422,402,15,5
2024-01-01 00:57:40.788724,422,406,9,7
2024-01-01 00:57:45.482313,422,401,15,6
2024-01-01 00:57:50.175676,422,418,4,0
2024-01-01 00:57:55.344090,422,404,18,0
2024-01-01 00:58:00.083943,422,416,6,0
2024-01-01 00:58:05.886997,422,408,10,4
2024-01-01 00:58:10.894479,422,398,15,9
2024-01-01 00:58:15.519956,422,400,17,5
2024-01-01 00:58:20.608942,422,411,8,3
2024-01-01 00:58:25.986381,422,411,5,6
2024-01-01 00:58:30.955352,422,411,6,5
2024-01-01 00:58:35.455425,422,401,14,7
2024-01-01 00:58:40.366147,422,401,15,6
2024-01-01 00:58:45.337778,422,411,9,2
2024-01-01 00:58:50.005706,422,412,9,1
2024-01-01 00:58:55.260852,422,411,11,0
2024-01-01 00:59:00.658988,422,414,0,8
2024-01-01 00:59:05.112169,422,407,10,5
2024-01-01 00:59:10.102548,422,407,13,2
2024-01-01 00:59:15.001998,422,413,1,8
2024-01-01 00:59:20.134976,422,404,12,6
2024-01-01 00:59:25.101735,422,413,0,9
2024-01-01 00:59:30.914302,422,406,9,7
2024-01-01 00:59:35.334935,422,410,11,1
2024-01-01 00:59:40.729460,422,405,15,2
2024-01-01 00:59:45.734074,422,422,0,0
2024-01-01 00:59:50.630774,422,409,11,2
2024-01-01 00:59:55.002988,422,408,9,5
2024-01-01 01:00:00.018030,422,411,5,6
2024-01-01 01:00:05.361817,422,404,15,3
2024-01-01 01:00:10.095721,422,415,7,0
2024-01-01 01:00:15.912606,422,416,4,2
2024-01-01 01:00:20.421684,422,417,4,1
2024-01-01 01:00:25.589961,422,405,10,7
2024-01-01 01:00:30.460878,422,405,14,3
2024-01-01 01:00:35.127748,422,404,17,1
2024-01-01 01:00:40.130961,422,395,18,9
2024-01-01 01:00:45.213278,422,405,17,0
2024-01-01 01:00:50.568867,422,421,0,1
2024-01-01 01:00:55.819633,422,402,11,9
2024-01-01 01:01:00.539017,422,407,10,5
2024-01-01 01:01:05.614598,422,402,16,4
2024-01-01 01:01:10.070344,422,396,18,8
2024-01-01 01:01:15.534184,422,414,6,2
2024-01-01 01:01:20.142086,422,396,17,9
2024-01-01 01:01:25.484382,422,408,9,5
2024-01-01 01:01:30.759034,422,412,9,1
2024-01-01 01:01:35.637104,422,399,19,4
2024-01-01 01:01:40.671055,422,406,7,9
2024-01-01 01:01:45.234373,422,401,16,5
2024-01-01 01:01:50.460694,422,403,16,3
2024-01-01 01:01:55.728756,422,422,0,0
2024-01-01 01:02:00.225556,422,419,2,1
2024-01-01 01:02:05.563409,422,418,4,0
2024-01-01 01:02:10.361700,422,411,2,9
2024-01-01 01:02:15.555116,422,408,11,3
2024-01-01 01:02:20.064109,422,408,5,9
2024-01-01 01:02:25.339278,422,408,7,7
2024-01-01 01:02:30.310908,422,409,7,6
2024-01-01 01:02:35.128302,422,406,15,1
2024-01-01 01:02:40.083646,422,398,18,6
2024-01-01 01:02:45.217461,422,401,12,9
2024-01-01 01:02:50.496405,422,409,11,2
2024-01-01 01:02:55.106321,422,411,7,4
2024-01-01 01:03:00.983088,422,413,4,5
2024-01-01 01:03:05.176086,422,419,3,0
2024-01-01 01:03:10.511684,422,400,15,7
2024-01-01 01:03:15.840677,422,408,14,0
2024-01-01 01:03:20.277498,422,401,16,5
2024-01-01 01:03:25.416768,422,405,16,1
2024-01-01 01:03:30.449969,422,401,13,8
2024-01-01 01:03:35.876950,422,413,1,8
2024-01-01 01:03:40.008997,422,407,6,9
2024-01-01 01:03:45.092897,422,402,17,3
2024-01-01 01:03:50.812012,422,422,0,0
2024-01-01 01:03:55.134558,422,417,3,2
2024-01-01 01:04:00.321108,422,397,19,6
2024-01-01 01:04:05.420610,422,414,1,7
2024-01-01 01:04:10.132687,422,400,16,6
2024-01-01 01:04:15.478641,422,405,11,6
2024-01-01 01:04:20.275119,422,409,9,4
2024-01-01 01:04:25.109115,422,400,19,3
2024-01-01 01:04:30.861829,422,406,9,7
2024-01-01 01:04:35.226287,422,410,12,0
2024-01-01 01:04:40.337593,422,412,5,5
2024-01-01 01:04:45.895209,422,411,9,2
2024-01-01 01:04:50.098333,422,413,7,2
2024-01-01 01:04:55.292051,422,408,10,4
2024-01-01 01:05:00.677215,422,400,17,5
2024-01-01 01:05:05.017362,422,413,8,1
2024-01-01 01:05:10.311983,422,409,4,9
2024-01-01 01:05:15.083402,422,403,12,7
2024-01-01 01:05:20.353816,422,408,11,3
2024-01-01 01:05:25.668708,422,403,10,9
2024-01-01 01:05:30.831264,422,411,3,8
2024-01-01 01:05:35.848145,422,413,5,4
2024-01-01 01:05:40.023016,422,402,12,8
2024-01-01 01:05:45.225419,422,409,4,9
2024-01-01 01:05:50.539801,422,411,10,1
2024-01-01 01:05:55.316584,422,415,2,5
2024-01-01 01:06:00.813371,422,413,4,5
2024-01-01 01:06:05.941084,422,412,9,1
2024-01-01 01:06:10.122999,422,404,12,6
2024-01-01 01:06:15.920990,422,417,3,2
2024-01-01 01:06:20.236422,422,409,9,4
2024-01-01 01:06:25.066990,422,411,7,4
2024-01-01 01:06:30.283144,422,406,15,1
2024-01-01 01:06:35.977617,422,411,4,7
2024-01-01 01:06:40.756694,422,420,0,2
2024-01-01 01:06:45.873638,422,404,16,2
2024-01-01 01:06:50.961916,422,418,3,1
2024-01-01 01:06:55.905075,422,412,7,3
2024-01-01 01:07:00.233675,422,408,10,4
2024-01-01 01:07:05.685357,422,411,6,5
2024-01-01 01:07:10.476079,422,409,8,5
2024-01-01 01:07:15.104551,422,417,4,1
2024-01-01 01:07:20.921449,422,410,7,5
2024-01-01 01:07:25.024089,422,415,7,0
2024-01-01 01:07:30.871683,422,406,7,9
2024-01-01 01:07:35.634075,422,411,4,7
2024-01-01 01:07:40.758754,422,396,18,8
2024-01-01 01:07:45.313076,422,398,15,9
2024-01-01 01:07:50.490068,422,405,8,9
2024-01-01 01:07:55.089161,422,414,0,8
2024-01-01 01:08:00.373986,422,397,17,8
2024-01-01 01:08:05.158017,422,413,0,9
2024-01-01 01:08:10.627770,422,406,14,2
2024-01-01 01:08:15.423132,422,410,11,1
2024-01-01 01:08:20.259492,422,413,6,3
2024-01-01 01:08:25.678701,422,412,5,5
2024-01-01 01:08:30.122705,422,418,2,2
2024-01-01 01:08:35.782472,422,397,18,7
2024-01-01 01:08:40.652439,422,398,18,6
2024-01-01 01:08:45.364553,422,417,5,0
2024-01-01 01:08:50.037231,422,406,12,4
2024-01-01 01:08:55.555732,422,409,12,1
2024-01-01 01:09:00.203968,422,415,4,3
2024-01-01 01:09:05.066174,422,414,0,8
2024-01-01 01:09:10.080964,422,397,19,6
2024-01-01 01:09:15.541556,422,400,17,5
2024-01-01 01:09:20.174115,422,409,8,5
2024-01-01 01:09:25.254115,422,415,4,3
2024-01-01 01:09:30.857326,422,412,2,8
2024-01-01 01:09:35.537378,422,419,1,2
2024-01-01 01:09:40.960406,422,399,17,6
2024-01-01 01:09:45.225320,422,409,6,7
2024-01-01 01:09:50.377460,422,406,8,8
2024-01-01 01:09:55.116503,422,403,10,9
2024-01-01 01:10:00.471091,422,394,19,9
2024-01-01 01:10:05.612818,422,401,13,8
2024-01-01 01:10:10.583901,422,418,2,2
2024-01-01 01:10:15.125594,422,415,0,7
2024-01-01 01:10:20.647620,422,406,15,1
2024-01-01 01:10:25.429594,422,401,18,3
2024-01-01 01:10:30.667889,422,413,8,1
2024-01-01 01:10:35.559180,422,416,6,0
2024-01-01 01:10:40.790239,422,415,5,2
2024-01-01 01:10:45.944535,422,396,19,7
2024-01-01 01:10:50.876464,422,417,1,4
2024-01-01 01:10:55.877434,422,413,6,3
2024-01-01 01:11:00.628432,422,408,12,2
2024-01-01 01:11:05.645839,422,400,14,8
2024-01-01 01:11:10.503498,422,400,19,3
2024-01-01 01:11:15.927054,422,416,6,0
2024-01-01 01:11:20.547431,422,412,2,8
2024-01-01 01:11:25.586043,422,400,15,7
2024-01-01 01:11:30.986890,422,411,8,3
2024-01-01 01:11:35.888814,422,420,2,0
2024-01-01 01:11:40.322810,422,415,2,5
2024-01-01 01:11:45.583413,422,409,13,0
2024-01-01 01:11:50.297382,422,403,17,2
2024-01-01 01:11:55.185454,422,404,17,1
2024-01-01 01:12:00.517289,422,403,16,3
2024-01-01 01:12:05.366273,422,420,2,0
2024-01-01 01:12:10.911787,422,418,1,3
2024-01-01 01:12:15.636101,422,413,7,2
2024-01-01 01:12:20.769397,422,414,0,8
2024-01-01 01:12:25.344240,422,401,18,3
2024-01-01 01:12:30.314821,422,410,11,1
2024-01-01 01:12:35.862305,422,412,1,9
2024-01-01 01:12:40.413180,422,418,4,0
2024-01-01 01:12:45.354185,422,415,3,4
2024-01-01 01:12:50.187874,422,409,6,7
2024-01-01 01:12:55.998327,422,405,12,5
2024-01-01 01:13:00.594325,422,407,8,7
2024-01-01 01:13:05.628515,422,403,12,7
2024-01-01 01:13:10.844816,422,406,13,3
2024-01-01 01:13:15.391767,422,406,8,8
2024-01-01 01:13:20.771990,422,405,11,6
2024-01-01 01:13:25.009956,422,410,12,0
2024-01-01 01:13:30.750294,422,415,2,5
2024-01-01 01:13:35.110008,422,409,7,6
2024-01-01 01:13:40.086027,422,401,13,8
2024-01-01 01:13:45.469935,422,401,14,7
2024-01-01 01:13:50.382769,422,409,5,8
2024-01-01 01:13:55.631221,422,412,4,6
2024-01-01 01:14:00.823666,422,399,19,4
2024-01-01 01:14:05.749524,422,407,8,7
2024-01-01 01:14:10.643799,422,409,7,6
2024-01-01 01:14:15.836506,422,406,16,0
2024-01-01 01:14:20.569844,422,408,6,8
2024-01-01 01:14:25.999620,422,408,6,8
2024-01-01 01:14:30.301157,422,400,17,5
2024-01-01 01:14:35.233916,422,406,9,7
2024-01-01 01:14:40.489659,422,401,15,6
2024-01-01 01:14:45.613100,422,404,17,1
2024-01-01 01:14:50.529134,422,407,7,8
2024-01-01 01:14:55.800202,422,401,12,9
2024-01-01 01:15:00.381865,422,402,19,1
2024-01-01 01:15:05.855632,422,414,5,3
2024-01-01 01:15:10.065120,422,399,15,8
2024-01-01 01:15:15.444532,422,418,4,0
2024-01-01 01:15:20.629473,422,401,15,6
2024-01-01 01:15:25.316927,422,414,8,0
2024-01-01 01:15:30.696680,422,402,15,5
2024-01-01 01:15:35.591158,422,413,0,9
2024-01-01 01:15:40.062194,422,404,13,5
2024-01-01 01:15:45.477654,422,413,9,0
2024-01-01 01:15:50.899464,422,404,14,4
2024-01-01 01:15:55.259015,422,403,11,8
2024-01-01 01:16:00.631337,422,408,9,5
2024-01-01 01:16:05.826944,422,421,1,0
2024-01-01 01:16:10.271600,422,405,14,3
2024-01-01 01:16:15.588530,422,412,1,9
2024-01-01 01:16:20.425160,422,412,9,1
2024-01-01 01:16:25.498669,422,412,7,3
2024-01-01 01:16:30.615103,422,412,10,0
2024-01-01 01:16:35.352455,422,412,1,9
2024-01-01 01:16:40.259667,422,418,1,3
2024-01-01 01:16:45.309335,422,409,9,4
2024-01-01 01:16:50.304810,422,406,8,8
2024-01-01 01:16:55.989442,422,406,13,3
2024-01-01 01:17:00.264837,422,413,4,5
2024-01-01 01:17:05.130167,422,413,9,0
2024-01-01 01:17:10.676488,422,401,15,6
2024-01-01 01:17:15.073699,422,405,12,5
2024-01-01 01:17:20.654291,422,404,10,8
2024-01-01 01:17:25.197890,422,420,1,1
2024-01-01 01:17:30.470483,422,415,1,6
2024-01-01 01:17:35.919283,422,406,8,8
2024-01-01 01:17:40.818961,422,408,5,9
2024-01-01 01:17:45.402927,422,411,2,9
2024-01-01 01:17:50.753757,422,414,2,6
2024-01-01 01:17:55.452295,422,400,14,8
2024-01-01 01:18:00.096885,422,407,14,1
2024-01-01 01:18:05.854769,422,395,19,8
2024-01-01 01:18:10.188146,422,416,3,3
2024-01-01 01:18:15.203407,422,404,9,9
2024-01-01 01:18:20.987292,422,403,13,6
2024-01-01 01:18:25.609492,422,397,19,6
2024-01-01 01:18:30.352779,422,405,8,9
2024-01-01 01:18:35.431151,422,407,7,8
2024-01-01 01:18:40.821378,422,417,5,0
2024-01-01 01:18:45.952571,422,405,14,3
2024-01-01 01:18:50.113169,422,407,10,5
2024-01-01 01:18:55.986065,422,411,10,1
2024-01-01 01:19:00.527698,422,409,10,3
2024-01-01 01:19:05.065088,422,395,19,8
2024-01-01 01:19:10.120530,422,408,11,3
2024-01-01 01:19:15.837317,422,405,9,8
2024-01-01 01:19:20.617093,422,413,6,3
2024-01-01 01:19:25.618289,422,411,9,2
2024-01-01 01:19:30.368220,422,404,14,4
2024-01-01 01:19:35.730723,422,399,14,9
2024-01-01 01:19:40.723327,422,415,0,7
2024-01-01 01:19:45.349269,422,420,2,0
2024-01-01 01:19:50.313810,422,401,13,8
2024-01-01 01:19:55.045336,422,405,8,9
2024-01-01 01:20:00.785200,422,404,18,0
2024-01-01 01:20:05.612072,422,404,9,9
2024-01-01 01:20:10.335773,422,397,16,9
2024-01-01 01:20:15.934979,422,404,9,9
2024-01-01 01:20:20.628713,422,404,15,3
2024-01-01 01:20:25.387962,422,421,1,0
2024-01-01 01:20:30.712342,422,409,11,2
2024-01-01 01:20:35.917474,422,413,8,1
2024-01-01 01:20:40.665350,422,412,10,0
2024-01-01 01:20:45.328105,422,421,1,0
2024-01-01 01:20:50.685325,422,416,0,6
2024-01-01 01:20:55.777120,422,413,0,9
2024-01-01 01:21:00.462868,422,405,12,5
2024-01-01 01:21:05.898003,422,406,16,0
2024-01-01 01:21:10.212411,422,416,5,1
2024-01-01 01:21:15.909059,422,408,7,7
2024-01-01 01:21:20.637714,422,397,18,7
2024-01-01 01:21:25.142850,422,403,13,6
2024-01-01 01:21:30.202657,422,418,1,3
2024-01-01 01:21:35.934237,422,410,12,0
2024-01-01 01:21:40.855967,422,404,16,2
2024-01-01 01:21:45.852706,422,414,5,3
2024-01-01 01:21:50.538423,422,394,19,9
2024-01-01 01:21:55.965577,422,422,0,0
2024-01-01 01:22:00.883236,422,414,1,7
2024-01-01 01:22:05.648459,422,408,6,8
2024-01-01 01:22:10.130838,422,420,0,2
2024-01-01 01:22:15.651033,422,402,14,6
2024-01-01 01:22:20.465031,422,414,6,2
2024-01-01 01:22:25.705116,422,408,9,5
2024-01-01 01:22:30.635033,422,404,13,5
2024-01-01 01:22:35.913686,422,408,9,5
2024-01-01 01:22:40.105224,422,403,10,9
2024-01-01 01:22:45.521767,422,411,3,8
2024-01-01 01:22:50.434465,422,406,16,0
2024-01-01 01:22:55.778548,422,400,15,7
2024-01-01 01:23:00.826384,422,412,5,5
2024-01-01 01:23:05.536034,422,410,7,5
2024-01-01 01:23:10.559405,422,417,4,1
2024-01-01 01:23:15.718067,422,401,16,5
2024-01-01 01:23:20.028498,422,394,19,9
2024-01-01 01:23:25.150761,422,396,17,9
2024-01-01 01:23:30.493649,422,415,0,7
2024-01-01 01:23:35.276744,422,395,18,9
2024-01-01 01:23:40.019828,422,415,2,5
2024-01-01 01:23:45.899853,422,418,3,1
2024-01-01 01:23:50.455269,422,412,1,9
2024-01-01 01:23:55.421535,422,404,15,3
2024-01-01 01:24:00.424418,422,419,0,3
2024-01-01 01:24:05.602452,422,410,9,3
2024-01-01 01:24:10.652655,422,408,9,5
2024-01-01 01:24:15.618527,422,407,13,2
2024-01-01 01:24:20.655151,422,415,2,5
2024-01-01 01:24:25.844757,422,405,11,6
2024-01-01 01:24:30.574684,422,406,14,2
2024-01-01 01:24:35.893705,422,404,9,9
2024-01-01 01:24:40.351651,422,412,1,9
2024-01-01 01:24:45.334121,422,418,3,1
2024-01-01 01:24:50.592850,422,419,2,1
2024-01-01 01:24:55.289214,422,419,0,3
2024-01-01 01:25:00.275445,422,399,17,6
2024-01-01 01:25:05.162963,422,404,16,2
2024-01-01 01:25:10.062342,422,408,7,7
2024-01-01 01:25:15.084787,422,396,18,8
2024-01-01 01:25:20.547508,422,403,17,2
2024-01-01 01:25:25.457149,422,402,14,6
2024-01-01 01:25:30.373970,422,407,14,1
2024-01-01 01:25:35.895517,422,416,3,3
2024-01-01 01:25:40.346121,422,414,6,2
2024-01-01 01:25:45.594474,422,407,9,6
2024-01-01 01:25:50.193283,422,406,13,3
2024-01-01 01:25:55.491189,422,414,6,2
2024-01-01 01:26:00.227065,422,402,18,2
2024-01-01 01:26:05.962041,422,407,11,4
2024-01-01 01:26:10.005640,422,416,6,0
2024-01-01 01:26:15.408948,422,398,19,5
2024-01-01 01:26:20.911306,422,419,0,3
2024-01-01 01:26:25.867869,422,403,13,6
2024-01-01 01:26:30.029624,422,411,5,6
2024-01-01 01:26:35.841100,422,408,5,9
2024-01-01 01:26:40.566840,422,404,13,5
2024-01-01 01:26:45.402928,422,411,8,3
2024-01-01 01:26:50.530374,422,408,13,1
2024-01-01 01:26:55.766110,422,404,16,2
2024-01-01 01:27:00.258954,422,401,16,5
2024-01-01 01:27:05.908787,422,404,15,3
2024-01-01 01:27:10.272593,422,415,5,2
2024-01-01 01:27:15.683932,422,412,1,9
2024-01-01 01:27:20.156687,422,420,1,1
2024-01-01 01:27:25.825809,422,414,3,5
2024-01-01 01:27:30.228383,422,408,6,8
2024-01-01 01:27:35.786788,422,411,9,2
2024-01-01 01:27:40.752489,422,414,2,6
2024-01-01 01:27:45.696880,422,409,7,6
2024-01-01 01:27:50.054491,422,412,1,9
2024-01-01 01:27:55.964175,422,412,1,9
2024-01-01 01:28:00.833867,422,410,3,9
2024-01-01 01:28:05.931913,422,411,2,9
2024-01-01 01:28:10.221725,422,400,16,6
2024-01-01 01:28:15.885639,422,409,13,0
2024-01-01 01:28:20.598734,422,402,11,9
2024-01-01 01:28:25.153146,422,410,5,7
2024-01-01 01:28:30.091399,422,415,1,6
2024-01-01 01:28:35.753590,422,407,14,1
2024-01-01 01:28:40.905656,422,404,17,1
2024-01-01 01:28:45.989103,422,410,6,6
2024-01-01 01:28:50.216537,422,412,1,9
2024-01-01 01:28:55.768810,422,402,11,9
2024-01-01 01:29:00.209108,422,404,18,0
2024-01-01 01:29:05.790156,422,412,1,9
2024-01-01 01:29:10.776145,422,397,17,8
2024-01-01 01:29:15.661091,422,399,15,8
2024-01-01 01:29:20.675843,422,412,6,4
2024-01-01 01:29:25.583476,422,403,14,5
2024-01-01 01:29:30.939979,422,407,13,2
2024-01-01 01:29:35.284408,422,416,4,2
2024-01-01 01:29:40.436894,422,417,3,2
2024-01-01 01:29:45.748455,422,400,19,3
2024-01-01 01:29:50.843614,422,416,1,5
2024-01-01 01:29:55.806865,422,395,18,9
2024-01-01 01:30:00.879091,422,413,8,1
2024-01-01 01:30:05.564007,422,396,17,9
2024-01-01 01:30:10.715961,422,414,3,5
2024-01-01 01:30:15.458818,422,404,18,0
2024-01-01 01:30:20.304454,422,415,1,6
2024-01-01 01:30:25.335591,422,398,18,6
2024-01-01 01:30:30.158420,422,409,9,4
2024-01-01 01:30:35.088406,422,407,10,5
2024-01-01 01:30:40.910586,422,398,17,7
2024-01-01 01:30:45.390320,422,415,0,7
2024-01-01 01:30:50.992058,422,411,8,3
2024-01-01 01:30:55.351540,422,420,1,1
2024-01-01 01:31:00.989170,422,411,2,9
2024-01-01 01:31:05.454702,422,422,0,0
2024-01-01 01:31:10.922804,422,399,19,4
2024-01-01 01:31:15.541328,422,408,13,1
2024-01-01 01:31:20.636226,422,418,0,4
2024-01-01 01:31:25.504520,422,417,4,1
2024-01-01 01:31:30.741498,422,402,12,8
2024-01-01 01:31:35.226246,422,404,14,4
2024-01-01 01:31:40.417823,422,412,3,7
2024-01-01 01:31:45.456823,422,407,11,4
2024-01-01 01:31:50.544839,422,416,5,1
2024-01-01 01:31:55.096085,422,415,7,0
2024-01-01 01:32:00.276708,422,397,19,6
2024-01-01 01:32:05.394064,422,401,12,9
2024-01-01 01:32:10.240818,422,414,6,2
2024-01-01 01:32:15.029935,422,410,7,5
2024-01-01 01:32:20.272431,422,413,1,8
2024-01-01 01:32:25.137753,422,403,10,9
2024-01-01 01:32:30.962813,422,410,9,3
2024-01-01 01:32:35.843820,422,412,8,2
2024-01-01 01:32:40.296937,422,408,6,8
2024-01-01 01:32:45.015416,422,413,2,7
2024-01-01 01:32:50.156773,422,400,13,9
2024-01-01 01:32:55.093699,422,404,16,2
2024-01-01 01:33:00.909137,422,412,4,6
2024-01-01 01:33:05.765055,422,407,12,3
2024-01-01 01:33:10.705253,422,407,6,9
2024-01-01 01:33:15.451238,422,411,6,5
2024-01-01 01:33:20.444370,422,412,2,8
2024-01-01 01:33:25.815278,422,407,15,0
2024-01-01 01:33:30.373462,422,408,8,6
2024-01-01 01:33:35.994923,422,401,19,2
2024-01-01 01:33:40.874243,422,404,11,7
2024-01-01 01:33:45.332954,422,414,8,0
2024-01-01 01:33:50.108569,422,411,9,2
2024-01-01 01:33:55.407162,422,410,8,4
2024-01-01 01:34:00.783278,422,419,3,0
2024-01-01 01:34:05.141155,422,409,11,2
2024-01-01 01:34:10.920816,422,409,9,4
2024-01-01 01:34:15.400482,422,406,10,6
2024-01-01 01:34:20.644896,422,408,11,3
2024-01-01 01:34:25.707210,422,403,17,2
2024-01-01 01:34:30.371939,422,406,7,9
2024-01-01 01:34:35.446310,422,413,1,8
2024-01-01 01:34:40.875719,422,405,11,6
2024-01-01 01:34:45.343193,422,416,3,3
2024-01-01 01:34:50.503887,422,408,10,4
2024-01-01 01:34:55.803674,422,412,8,2
2024-01-01 01:35:00.592309,422,406,14,2
2024-01-01 01:35:05.573875,422,409,10,3
2024-01-01 01:35:10.946377,422,418,4,0
2024-01-01 01:35:15.564793,422,407,7,8
2024-01-01 01:35:20.402965,422,407,11,4
2024-01-01 01:35:25.371567,422,421,0,1
2024-01-01 01:35:30.304433,422,418,3,1
2024-01-01 01:35:35.747601,422,407,15,0
2024-01-01 01:35:40.330565,422,415,0,7
2024-01-01 01:35:45.333159,422,417,4,1
2024-01-01 01:35:50.081599,422,403,10,9
2024-01-01 01:35:55.912425,422,405,15,2
2024-01-01 01:36:00.070670,422,416,5,1
2024-01-01 01:36:05.423514,422,403,10,9
2024-01-01 01:36:10.313847,422,399,18,5
2024-01-01 01:36:15.589460,422,403,11,8
2024-01-01 01:36:20.791106,422,417,0,5
2024-01-01 01:36:25.314905,422,413,4,5
2024-01-01 01:36:30.991163,422,414,5,3
2024-01-01 01:36:35.983220,422,413,5,4
2024-01-01 01:36:40.189557,422,404,10,8
2024-01-01 01:36:45.426788,422,412,3,7
2024-01-01 01:36:50.397806,422,412,5,5
2024-01-01 01:36:55.170903,422,402,13,7
2024-01-01 01:37:00.849549,422,398,18,6
2024-01-01 01:37:05.062512,422,397,17,8
2024-01-01 01:37:10.058435,422,412,2,8
2024-01-01 01:37:15.436581,422,397,19,6
2024-01-01 01:37:20.837722,422,402,17,3
2024-01-01 01:37:25.119818,422,396,19,7
2024-01-01 01:37:30.388224,422,408,11,3
2024-01-01 01:37:35.662021,422,406,14,2
2024-01-01 01:37:40.014730,422,411,10,1
2024-01-01 01:37:45.811885,422,406,13,3
2024-01-01 01:37:50.906341,422,403,12,7
2024-01-01 01:37:55.896845,422,407,10,5
2024-01-01 01:38:00.115761,422,413,8,1
2024-01-01 01:38:05.847727,422,406,9,7
2024-01-01 01:38:10.182626,422,403,11,8
2024-01-01 01:38:15.791600,422,405,12,5
2024-01-01 01:38:20.984190,422,402,11,9
2024-01-01 01:38:25.258359,422,404,9,9
2024-01-01 01:38:30.534730,422,400,14,8
2024-01-01 01:38:35.877693,422,412,6,4
2024-01-01 01:38:40.038125,422,410,9,3
2024-01-01 01:38:45.801532,422,414,5,3
2024-01-01 01:38:50.539772,422,400,16,6
2024-01-01 01:38:55.292194,422,412,4,6
2024-01-01 01:39:00.296729,422,409,7,6
2024-01-01 01:39:05.935839,422,407,13,2
2024-01-01 01:39:10.961034,422,399,16,7
2024-01-01 01:39:15.263126,422,416,6,0
2024-01-01 01:39:20.364452,422,404,11,7
2024-01-01 01:39:25.539728,422,413,3,6
2024-01-01 01:39:30.181868,422,409,7,6
2024-01-01 01:39:35.268745,422,406,14,2
2024-01-01 01:39:40.399319,422,416,3,3
2024-01-01 01:39:45.343449,422,399,17,6
2024-01-01 01:39:50.693262,422,411,3,8
2024-01-01 01:39:55.199761,422,417,0,5
2024-01-01 01:40:00.904064,422,401,12,9
2024-01-01 01:40:05.570108,422,416,1,5
2024-01-01 01:40:10.815019,422,404,15,3
2024-01-01 01:40:15.828177,422,408,14,0
2024-01-01 01:40:20.666235,422,414,0,8
2024-01-01 01:40:25.777489,422,410,4,8
2024-01-01 01:40:30.702085,422,413,4,5
2024-01-01 01:40:35.621275,422,402,11,9
2024-01-01 01:40:40.586260,422,407,10,5
2024-01-01 01:40:45.696690,422,412,3,7
2024-01-01 01:40:50.006452,422,404,15,3
2024-01-01 01:40:55.122791,422,409,5,8
2024-01-01 01:41:00.301258,422,415,7,0
2024-01-01 01:41:05.269969,422,406,11,5
2024-01-01 01:41:10.042200,422,412,9,1
2024-01-01 01:41:15.643056,422,412,4,6
2024-01-01 01:41:20.296866,422,405,9,8
2024-01-01 01:41:25.522696,422,407,12,3
2024-01-01 01:41:30.209640,422,410,5,7
2024-01-01 01:41:35.744576,422,405,17,0
2024-01-01 01:41:40.702054,422,402,14,6
2024-01-01 01:41:45.532069,422,411,10,1
2024-01-01 01:41:50.512065,422,413,0,9
2024-01-01 01:41:55.851257,422,407,9,6
2024-01-01 01:42:00.460830,422,417,5,0
2024-01-01 01:42:05.715090,422,413,3,6
2024-01-01 01:42:10.149089,422,402,14,6
2024-01-01 01:42:15.174676,422,402,15,5
2024-01-01 01:42:20.120571,422,401,17,4
2024-01-01 01:42:25.773133,422,411,2,9
2024-01-01 01:42:30.763954,422,400,19,3
2024-01-01 01:42:35.547097,422,402,18,2
2024-01-01 01:42:40.536714,422,407,10,5
2024-01-01 01:42:45.273165,422,411,7,4
2024-01-01 01:42:50.134357,422,416,4,2
2024-01-01 01:42:55.267243,422,403,18,1
2024-01-01 01:43:00.706217,422,414,4,4
2024-01-01 01:43:05.385146,422,403,12,7
2024-01-01 01:43:10.996223,422,415,3,4
2024-01-01 01:43:15.635393,422,402,18,2
2024-01-01 01:43:20.429775,422,412,4,6
2024-01-01 01:43:25.916744,422,413,2,7
2024-01-01 01:43:30.858451,422,409,6,7
2024-01-01 01:43:35.948651,422,411,9,2
2024-01-01 01:43:40.499786,422,414,0,8
2024-01-01 01:43:45.994704,422,400,15,7
2024-01-01 01:43:50.337603,422,421,0,1
2024-01-01 01:43:55.301644,422,401,15,6
2024-01-01 01:44:00.211481,422,413,2,7
2024-01-01 01:44:05.120063,422,404,18,0
2024-01-01 01:44:10.829871,422,402,18,2
2024-01-01 01:44:15.736777,422,400,15,7
2024-01-01 01:44:20.729535,422,414,4,4
2024-01-01 01:44:25.590164,422,419,1,2
2024-01-01 01:44:30.950907,422,404,13,5
2024-01-01 01:44:35.610394,422,414,8,0
2024-01-01 01:44:40.397056,422,417,0,5
2024-01-01 01:44:45.869104,422,410,9,3
2024-01-01 01:44:50.200371,422,407,10,5
2024-01-01 01:44:55.267993,422,413,4,5
2024-01-01 01:45:00.583001,422,412,9,1
2024-01-01 01:45:05.678874,422,412,5,5
2024-01-01 01:45:10.337332,422,405,16,1
2024-01-01 01:45:15.910886,422,414,6,2
2024-01-01 01:45:20.087177,422,420,1,1
2024-01-01 01:45:25.970387,422,417,3,2
2024-01-01 01:45:30.351493,422,401,12,9
2024-01-01 01:45:35.434006,422,409,4,9
2024-01-01 01:45:40.720425,422,401,12,9
2024-01-01 01:45:45.289336,422,410,5,7
2024-01-01 01:45:50.411236,422,395,19,8
2024-01-01 01:45:55.696905,422,405,14,3
2024-01-01 01:46:00.817870,422,411,2,9
2024-01-01 01:46:05.216815,422,404,11,7
2024-01-01 01:46:10.981761,422,400,16,6
2024-01-01 01:46:15.011623,422,403,18,1
2024-01-01 01:46:20.823639,422,418,4,0
2024-01-01 01:46:25.296653,422,404,9,9
2024-01-01 01:46:30.282567,422,404,12,6
2024-01-01 01:46:35.403050,422,414,1,7
2024-01-01 01:46:40.874023,422,405,9,8
2024-01-01 01:46:45.789144,422,401,17,4
2024-01-01 01:46:50.801008,422,416,2,4
2024-01-01 01:46:55.553377,422,421,1,0
2024-01-01 01:47:00.590667,422,408,14,0
2024-01-01 01:47:05.208266,422,401,17,4
2024-01-01 01:47:10.929241,422,403,15,4
2024-01-01 01:47:15.630561,422,410,8,4
2024-01-01 01:47:20.900781,422,409,6,7
2024-01-01 01:47:25.845587,422,403,17,2
2024-01-01 01:47:30.812142,422,401,18,3
2024-01-01 01:47:35.218162,422,400,15,7
2024-01-01 01:47:40.468459,422,415,7,0
2024-01-01 01:47:45.471303,422,416,2,4
2024-01-01 01:47:50.434458,422,411,5,6
2024-01-01 01:47:55.202765,422,407,6,9
2024-01-01 01:48:00.517695,422,407,14,1
2024-01-01 01:48:05.190744,422,413,0,9
2024-01-01 01:48:10.294991,422,397,16,9
2024-01-01 01:48:15.337881,422,413,4,5
2024-01-01 01:48:20.303344,422,404,10,8
2024-01-01 01:48:25.591852,422,401,18,3
2024-01-01 01:48:30.593185,422,405,10,7
2024-01-01 01:48:35.735090,422,415,4,3
2024-01-01 01:48:40.251299,422,415,2,5
2024-01-01 01:48:45.168880,422,402,19,1
2024-01-01 01:48:50.884941,422,399,18,5
2024-01-01 01:48:55.820703,422,402,14,6
2024-01-01 01:49:00.626629,422,396,18,8
2024-01-01 01:49:05.782492,422,416,2,4
2024-01-01 01:49:10.949426,422,403,12,7
2024-01-01 01:49:15.817969,422,418,4,0
2024-01-01 01:49:20.704257,422,421,1,0
2024-01-01 01:49:25.090087,422,410,5,7
2024-01-01 01:49:30.569035,422,418,0,4
2024-01-01 01:49:35.139832,422,417,4,1
2024-01-01 01:49:40.775634,422,415,5,2
2024-01-01 01:49:45.267136,422,414,1,7
2024-01-01 01:49:50.051377,422,406,7,9
2024-01-01 01:49:55.383250,422,397,17,8
2024-01-01 01:50:00.400232,422,403,19,0
2024-01-01 01:50:05.184445,422,402,17,3
2024-01-01 01:50:10.157592,422,410,5,7
2024-01-01 01:50:15.406770,422,414,3,5
2024-01-01 01:50:20.591691,422,405,15,2
2024-01-01 01:50:25.416130,422,404,15,3
2024-01-01 01:50:30.986175,422,408,14,0
2024-01-01 01:50:35.214734,422,418,3,1
2024-01-01 01:50:40.291533,422,414,5,3
2024-01-01 01:50:45.660107,422,395,18,9
2024-01-01 01:50:50.805766,422,402,15,5
2024-01-01 01:50:55.392018,422,406,13,3
2024-01-01 01:51:00.407510,422,419,3,0
2024-01-01 01:51:05.235639,422,409,7,6
2024-01-01 01:51:10.954236,422,405,11,6
2024-01-01 01:51:15.775430,422,417,3,2
2024-01-01 01:51:20.625265,422,404,11,7
2024-01-01 01:51:25.611869,422,403,16,3
2024-01-01 01:51:30.190295,422,401,12,9
2024-01-01 01:51:35.987404,422,406,12,4
2024-01-01 01:51:40.311046,422,405,10,7
2024-01-01 01:51:45.746035,422,412,3,7
2024-01-01 01:51:50.328883,422,410,12,0
2024-01-01 01:51:55.680740,422,415,2,5
2024-01-01 01:52:00.743622,422,406,12,4
2024-01-01 01:52:05.855655,422,401,13,8
2024-01-01 01:52:10.646469,422,404,15,3
2024-01-01 01:52:15.948031,422,394,19,9
2024-01-01 01:52:20.059742,422,398,17,7
2024-01-01 01:52:25.752955,422,402,14,6
2024-01-01 01:52:30.522794,422,409,4,9
2024-01-01 01:52:35.482079,422,395,19,8
2024-01-01 01:52:40.614881,422,395,19,8
2024-01-01 01:52:45.630981,422,411,5,6
2024-01-01 01:52:50.154983,422,419,3,0
2024-01-01 01:52:55.357764,422,417,1,4
2024-01-01 01:53:00.593950,422,411,7,4
2024-01-01 01:53:05.391482,422,411,2,9
2024-01-01 01:53:10.076285,422,415,7,0
2024-01-01 01:53:15.152948,422,415,3,4
2024-01-01 01:53:20.731660,422,406,9,7
2024-01-01 01:53:25.196141,422,415,5,2
2024-01-01 01:53:30.975657,422,419,2,1
2024-01-01 01:53:35.232578,422,412,3,7
2024-01-01 01:53:40.493702,422,415,5,2
2024-01-01 01:53:45.378295,422,405,17,0
2024-01-01 01:53:50.865033,422,413,2,7
2024-01-01 01:53:55.649542,422,398,17,7
2024-01-01 01:54:00.705139,422,410,4,8
2024-01-01 01:54:05.173072,422,403,10,9
2024-01-01 01:54:10.218665,422,400,18,4
2024-01-01 01:54:15.775894,422,422,0,0
2024-01-01 01:54:20.875620,422,401,13,8
2024-01-01 01:54:25.653133,422,405,9,8
2024-01-01 01:54:30.756814,422,409,4,9
2024-01-01 01:54:35.864284,422,417,4,1
2024-01-01 01:54:40.268143,422,405,14,3
2024-01-01 01:54:45.035611,422,406,8,8
2024-01-01 01:54:50.693183,422,407,7,8
2024-01-01 01:54:55.874791,422,403,11,8
2024-01-01 01:55:00.644316,422,411,11,0
2024-01-01 01:55:05.379711,422,417,0,5
2024-01-01 01:55:10.861739,422,401,19,2
2024-01-01 01:55:15.176039,422,412,5,5
2024-01-01 01:55:20.378852,422,413,5,4
2024-01-01 01:55:25.761009,422,416,2,4
2024-01-01 01:55:30.311787,422,418,1,3
2024-01-01 01:55:35.835736,422,406,15,1
2024-01-01 01:55:40.527578,422,412,7,3
2024-01-01 01:55:45.150240,422,403,17,2
2024-01-01 01:55:50.261293,422,406,12,4
2024-01-01 01:55:55.460735,422,411,6,5
2024-01-01 01:56:00.941890,422,400,16,6
2024-01-01 01:56:05.553214,422,407,7,8
2024-01-01 01:56:10.460417,422,401,18,3
2024-01-01 01:56:15.100176,422,411,7,4
2024-01-01 01:56:20.236116,422,404,12,6
2024-01-01 01:56:25.994967,422,415,7,0
2024-01-01 01:56:30.158340,422,418,3,1
2024-01-01 01:56:35.902166,422,398,18,6
2024-01-01 01:56:40.682471,422,415,3,4
2024-01-01 01:56:45.699387,422,405,11,6
2024-01-01 01:56:50.325374,422,401,17,4
2024-01-01 01:56:55.057125,422,408,14,0
2024-01-01 01:57:00.878033,422,411,6,5
2024-01-01 01:57:05.287609,422,411,3,8
2024-01-01 01:57:10.987143,422,407,14,1
2024-01-01 01:57:15.807709,422,405,15,2
2024-01-01 01:57:20.061906,422,411,2,9
2024-01-01 01:57:25.290607,422,397,17,8
2024-01-01 01:57:30.856173,422,403,10,9
2024-01-01 01:57:35.601483,422,411,4,7
2024-01-01 01:57:40.021057,422,403,10,9
2024-01-01 01:57:45.761617,422,399,18,5
2024-01-01 01:57:50.778094,422,402,13,7
2024-01-01 01:57:55.774127,422,408,10,4
2024-01-01 01:58:00.552854,422,408,9,5
2024-01-01 01:58:05.004796,422,414,5,3
2024-01-01 01:58:10.442697,422,413,3,6
2024-01-01 01:58:15.834074,422,405,11,6
2024-01-01 01:58:20.684824,422,408,14,0
2024-01-01 01:58:25.457209,422,403,18,1
2024-01-01 01:58:30.968267,422,402,13,7
2024-01-01 01:58:35.828790,422,411,7,4
2024-01-01 01:58:40.992323,422,411,3,8
2024-01-01 01:58:45.525199,422,403,16,3
2024-01-01 01:58:50.153000,422,398,18,6
2024-01-01 01:58:55.455555,422,403,17,2
2024-01-01 01:59:00.713342,422,403,11,8
2024-01-01 01:59:05.009539,422,413,4,5
2024-01-01 01:59:10.284282,422,395,18,9
2024-01-01 01:59:15.524961,422,412,5,5
2024-01-01 01:59:20.628205,422,406,10,6
2024-01-01 01:59:25.169820,422,413,4,5
2024-01-01 01:59:30.686726,422,402,12,8
2024-01-01 01:59:35.022159,422,410,9,3
2024-01-01 01:59:40.705661,422,417,3,2
2024-01-01 01:59:45.155257,422,410,11,1
2024-01-01 01:59:50.197873,422,400,13,9
2024-01-01 01:59:55.891387,422,406,7,9
2024-01-01 02:00:00.923505,422,401,15,6
2024-01-01 02:00:05.653269,422,414,0,8
2024-01-01 02:00:10.460407,422,399,18,5
2024-01-01 02:00:15.401827,422,411,7,4
2024-01-01 02:00:20.485423,422,405,13,4
2024-01-01 02:00:25.918190,422,404,17,1
2024-01-01 02:00:30.283406,422,414,5,3
2024-01-01 02:00:35.162441,422,418,4,0
2024-01-01 02:00:40.171000,422,412,5,5
2024-01-01 02:00:45.495440,422,408,11,3
2024-01-01 02:00:50.968555,422,415,7,0
2024-01-01 02:00:55.201863,422,400,14,8
2024-01-01 02:01:00.552863,422,405,13,4
2024-01-01 02:01:05.727463,422,406,10,6
2024-01-01 02:01:10.313099,422,414,2,6
2024-01-01 02:01:15.537940,422,411,7,4
2024-01-01 02:01:20.274683,422,414,8,0
2024-01-01 02:01:25.126206,422,417,4,1
2024-01-01 02:01:30.624169,422,407,14,1
2024-01-01 02:01:35.781820,422,402,16,4
2024-01-01 02:01:40.452220,422,407,14,1
2024-01-01 02:01:45.407308,422,420,1,1
2024-01-01 02:01:50.533000,422,404,15,3
2024-01-01 02:01:55.687519,422,413,3,6
2024-01-01 02:02:00.067988,422,414,5,3
2024-01-01 02:02:05.529525,422,411,6,5
2024-01-01 02:02:10.166435,422,410,8,4
2024-01-01 02:02:15.877768,422,407,10,5
2024-01-01 02:02:20.032269,422,413,2,7
2024-01-01 02:02:25.021919,422,399,17,6
2024-01-01 02:02:30.998896,422,414,4,4
2024-01-01 02:02:35.295486,422,401,14,7
2024-01-01 02:02:40.572903,422,399,14,9
2024-01-01 02:02:45.396911,422,400,15,7
2024-01-01 02:02:50.866813,422,413,4,5
2024-01-01 02:02:55.944224,422,414,5,3
2024-01-01 02:03:00.847805,422,402,17,3
2024-01-01 02:03:05.814579,422,399,18,5
2024-01-01 02:03:10.969431,422,394,19,9
2024-01-01 02:03:15.690897,422,414,1,7
2024-01-01 02:03:20.760161,422,415,4,3
2024-01-01 02:03:25.356954,422,417,1,4
2024-01-01 02:03:30.383572,422,417,3,2
2024-01-01 02:03:35.468290,422,412,9,1
2024-01-01 02:03:40.854775,422,412,5,5
2024-01-01 02:03:45.348898,422,413,0,9
2024-01-01 02:03:50.698375,422,405,14,3
2024-01-01 02:03:55.690196,422,417,3,2
2024-01-01 02:04:00.417100,422,403,15,4
2024-01-01 02:04:05.665432,422,414,1,7
2024-01-01 02:04:10.351990,422,398,15,9
2024-01-01 02:04:15.875722,422,409,4,9
2024-01-01 02:04:20.449171,422,411,2,9
2024-01-01 02:04:25.868960,422,409,11,2
2024-01-01 02:04:30.802788,422,411,9,2
2024-01-01 02:04:35.509832,422,400,15,7
2024-01-01 02:04:40.709052,422,407,14,1
2024-01-01 02:04:45.060260,422,415,4,3
2024-01-01 02:04:50.076293,422,401,14,7
2024-01-01 02:04:55.541283,422,406,7,9
2024-01-01 02:05:00.687749,422,411,5,6
2024-01-01 02:05:05.007881,422,415,3,4
2024-01-01 02:05:10.940345,422,403,12,7
2024-01-01 02:05:15.806011,422,402,17,3
2024-01-01 02:05:20.789857,422,417,5,0
2024-01-01 02:05:25.544838,422,412,9,1
2024-01-01 02:05:30.395891,422,405,11,6
2024-01-01 02:05:35.274561,422,403,12,7
2024-01-01 02:05:40.582362,422,397,18,7
2024-01-01 02:05:45.192163,422,411,8,3
2024-01-01 02:05:50.633786,422,396,17,9
2024-01-01 02:05:55.605133,422,400,13,9
2024-01-01 02:06:00.581193,422,401,12,9
2024-01-01 02:06:05.470327,422,418,0,4
2024-01-01 02:06:10.339982,422,404,17,1
2024-01-01 02:06:15.827852,422,409,11,2
2024-01-01 02:06:20.863088,422,414,1,7
2024-01-01 02:06:25.607278,422,411,9,2
2024-01-01 02:06:30.765929,422,420,1,1
2024-01-01 02:06:35.500486,422,409,5,8
2024-01-01 02:06:40.127323,422,405,12,5
2024-01-01 02:06:45.411633,422,409,4,9
2024-01-01 02:06:50.688815,422,418,0,4
2024-01-01 02:06:55.090823,422,409,4,9
2024-01-01 02:07:00.953091,422,403,19,0
2024-01-01 02:07:05.017136,422,412,7,3
2024-01-01 02:07:10.445258,422,414,8,0
2024-01-01 02:07:15.046467,422,395,18,9
2024-01-01 02:07:20.084602,422,401,18,3
2024-01-01 02:07:25.000813,422,409,4,9
2024-01-01 02:07:30.189705,422,399,18,5
2024-01-01 02:07:35.491121,422,412,6,4
2024-01-01 02:07:40.543641,422,407,11,4
2024-01-01 02:07:45.091979,422,409,8,5
2024-01-01 02:07:50.958548,422,406,15,1
2024-01-01 02:07:55.477284,422,407,15,0
2024-01-01 02:08:00.865383,422,407,6,9
2024-01-01 02:08:05.984103,422,403,19,0
2024-01-01 02:08:10.761913,422,407,14,1
2024-01-01 02:08:15.403716,422,404,18,0
2024-01-01 02:08:20.772455,422,409,7,6
2024-01-01 02:08:25.432715,422,402,16,4
2024-01-01 02:08:30.493089,422,413,8,1
2024-01-01 02:08:35.228863,422,402,15,5
2024-01-01 02:08:40.961506,422,413,2,7
2024-01-01 02:08:45.054685,422,418,1,3
2024-01-01 02:08:50.722810,422,402,13,7
2024-01-01 02:08:55.371293,422,398,17,7
2024-01-01 02:09:00.022781,422,407,15,0
2024-01-01 02:09:05.674630,422,410,4,8
2024-01-01 02:09:10.720748,422,404,15,3
2024-01-01 02:09:15.397894,422,408,8,6
2024-01-01 02:09:20.083283,422,400,19,3
2024-01-01 02:09:25.398288,422,416,6,0
2024-01-01 02:09:30.966960,422,407,14,1
2024-01-01 02:09:35.195705,422,403,18,1
2024-01-01 02:09:40.189408,422,398,19,5
2024-01-01 02:09:45.624742,422,408,5,9
2024-01-01 02:09:50.530737,422,399,16,7
2024-01-01 02:09:55.847382,422,406,14,2
2024-01-01 02:10:00.757383,422,407,14,1
2024-01-01 02:10:05.495006,422,418,3,1
2024-01-01 02:10:10.608243,422,415,3,4
2024-01-01 02:10:15.589315,422,413,3,6
2024-01-01 02:10:20.642502,422,413,3,6
2024-01-01 02:10:25.890279,422,395,19,8
2024-01-01 02:10:30.415099,422,411,10,1
2024-01-01 02:10:35.726659,422,412,4,6
2024-01-01 02:10:40.239561,422,398,17,7
2024-01-01 02:10:45.061891,422,414,2,6
2024-01-01 02:10:50.777798,422,408,6,8
2024-01-01 02:10:55.819357,422,420,1,1
2024-01-01 02:11:00.392021,422,410,4,8
2024-01-01 02:11:05.199691,422,405,14,3
2024-01-01 02:11:10.675562,422,406,8,8
2024-01-01 02:11:15.118917,422,421,0,1
2024-01-01 02:11:20.085550,422,398,17,7
2024-01-01 02:11:25.126935,422,405,16,1
2024-01-01 02:11:30.396965,422,398,19,5
2024-01-01 02:11:35.430897,422,402,19,1
2024-01-01 02:11:40.317714,422,414,1,7
2024-01-01 02:11:45.873831,422,396,17,9
2024-01-01 02:11:50.516256,422,396,18,8
2024-01-01 02:11:55.216552,422,403,12,7
2024-01-01 02:12:00.665507,422,403,13,6
2024-01-01 02:12:05.698477,422,419,3,0
2024-01-01 02:12:10.482931,422,411,10,1
2024-01-01 02:12:15.193421,422,406,7,9
2024-01-01 02:12:20.922165,422,400,19,3
2024-01-01 02:12:25.890327,422,418,1,3
2024-01-01 02:12:30.803591,422,411,10,1
2024-01-01 02:12:35.610291,422,414,3,5
2024-01-01 02:12:40.613345,422,412,3,7
2024-01-01 02:12:45.697356,422,419,0,3
2024-01-01 02:12:50.560509,422,414,0,8
2024-01-01 02:12:55.356389,422,410,10,2
2024-01-01 02:13:00.370245,422,413,9,0
2024-01-01 02:13:05.177734,422,414,1,7
2024-01-01 02:13:10.254024,422,406,8,8
2024-01-01 02:13:15.208066,422,407,14,1
2024-01-01 02:13:20.855240,422,418,3,1
2024-01-01 02:13:25.231834,422,408,12,2
2024-01-01 02:13:30.739325,422,402,14,6
2024-01-01 02:13:35.502927,422,413,5,4
2024-01-01 02:13:40.678049,422,410,6,6
2024-01-01 02:13:45.243542,422,402,11,9
2024-01-01 02:13:50.112851,422,410,3,9
2024-01-01 02:13:55.953199,422,403,15,4
2024-01-01 02:14:00.469456,422,420,1,1
2024-01-01 02:14:05.537775,422,402,12,8
2024-01-01 02:14:10.240213,422,401,17,4
2024-01-01 02:14:15.750603,422,398,17,7
2024-01-01 02:14:20.796499,422,412,10,0
2024-01-01 02:14:25.377210,422,408,10,4
2024-01-01 02:14:30.349397,422,412,1,9
2024-01-01 02:14:35.564497,422,414,8,0
2024-01-01 02:14:40.108682,422,397,19,6
2024-01-01 02:14:45.776428,422,409,11,2
2024-01-01 02:14:50.324887,422,420,1,1
2024-01-01 02:14:55.184028,422,401,12,9
2024-01-01 02:15:00.623596,422,403,15,4
2024-01-01 02:15:05.364376,422,412,4,6
2024-01-01 02:15:10.111498,422,400,15,7
2024-01-01 02:15:15.323253,422,416,4,2
2024-01-01 02:15:20.085846,422,416,1,5
2024-01-01 02:15:25.047863,422,401,15,6
2024-01-01 02:15:30.620127,422,415,5,2
2024-01-01 02:15:35.300968,422,402,15,5
2024-01-01 02:15:40.325320,422,405,8,9
2024-01-01 02:15:45.905512,422,412,5,5
2024-01-01 02:15:50.682798,422,415,5,2
2024-01-01 02:15:55.253386,422,401,12,9
2024-01-01 02:16:00.091504,422,405,12,5
2024-01-01 02:16:05.965831,422,418,0,4
2024-01-01 02:16:10.755348,422,410,6,6
2024-01-01 02:16:15.858772,422,403,12,7
2024-01-01 02:16:20.823351,422,405,14,3
2024-01-01 02:16:25.637727,422,405,8,9
2024-01-01 02:16:30.529554,422,404,9,9
2024-01-01 02:16:35.842919,422,405,9,8
2024-01-01 02:16:40.470601,422,409,11,2
2024-01-01 02:16:45.239294,422,397,17,8
2024-01-01 02:16:50.787405,422,412,3,7
2024-01-01 02:16:55.114207,422,409,11,2
2024-01-01 02:17:00.859628,422,401,19,2
2024-01-01 02:17:05.366676,422,406,12,4
2024-01-01 02:17:10.919913,422,396,17,9
2024-01-01 02:17:15.536911,422,396,17,9
2024-01-01 02:17:20.349131,422,414,0,8
2024-01-01 02:17:25.294339,422,408,10,4
2024-01-01 02:17:30.073310,422,408,6,8
2024-01-01 02:17:35.387889,422,406,11,5
2024-01-01 02:17:40.199370,422,412,6,4
2024-01-01 02:17:45.311006,422,422,0,0
2024-01-01 02:17:50.956622,422,408,10,4
2024-01-01 02:17:55.337998,422,400,14,8
2024-01-01 02:18:00.223015,422,411,3,8
2024-01-01 02:18:05.482246,422,406,10,6
2024-01-01 02:18:10.513976,422,406,11,5
2024-01-01 02:18:15.291427,422,410,6,6
2024-01-01 02:18:20.841692,422,417,1,4
2024-01-01 02:18:25.916545,422,413,9,0
2024-01-01 02:18:30.850662,422,397,18,7
2024-01-01 02:18:35.613730,422,412,7,3
2024-01-01 02:18:40.246957,422,413,3,6
2024-01-01 02:18:45.002500,422,397,16,9
2024-01-01 02:18:50.427018,422,413,9,0
2024-01-01 02:18:55.367341,422,407,14,1
2024-01-01 02:19:00.946230,422,413,6,3
2024-01-01 02:19:05.819895,422,417,0,5
2024-01-01 02:19:10.359104,422,420,1,1
2024-01-01 02:19:15.015898,422,409,13,0
2024-01-01 02:19:20.641358,422,416,0,6
2024-01-01 02:19:25.626703,422,408,5,9
2024-01-01 02:19:30.118233,422,403,11,8
2024-01-01 02:19:35.499673,422,406,16,0
2024-01-01 02:19:40.898643,422,414,8,0
2024-01-01 02:19:45.353155,422,406,12,4
2024-01-01 02:19:50.959467,422,410,5,7
2024-01-01 02:19:55.957297,422,411,8,3
2024-01-01 02:20:00.176679,422,397,19,6
2024-01-01 02:20:05.383533,422,408,8,6
2024-01-01 02:20:10.651370,422,405,14,3
2024-01-01 02:20:15.960978,422,408,9,5
2024-01-01 02:20:20.158879,422,405,11,6
2024-01-01 02:20:25.646260,422,405,16,1
2024-01-01 02:20:30.950025,422,408,13,1
2024-01-01 02:20:35.624704,422,402,11,9
2024-01-01 02:20:40.121291,422,401,17,4
2024-01-01 02:20:45.117745,422,418,1,3
2024-01-01 02:20:50.720309,422,419,2,1
2024-01-01 02:20:55.092186,422,403,17,2
2024-01-01 02:21:00.181830,422,404,14,4
2024-01-01 02:21:05.558995,422,409,6,7
2024-01-01 02:21:10.287000,422,401,16,5
2024-01-01 02:21:15.265594,422,399,19,4
2024-01-01 02:21:20.067457,422,405,12,5
2024-01-01 02:21:25.547160,422,412,4,6
2024-01-01 02:21:30.747972,422,414,0,8
2024-01-01 02:21:35.453143,422,421,0,1
2024-01-01 02:21:40.210366,422,412,3,7
2024-01-01 02:21:45.389451,422,408,5,9
2024-01-01 02:21:50.169075,422,416,5,1
2024-01-01 02:21:55.942225,422,394,19,9
2024-01-01 02:22:00.300708,422,402,17,3
2024-01-01 02:22:05.533753,422,418,3,1
2024-01-01 02:22:10.069855,422,399,17,6
2024-01-01 02:22:15.194261,422,416,2,4
2024-01-01 02:22:20.493191,422,411,4,7
2024-01-01 02:22:25.920591,422,408,6,8
2024-01-01 02:22:30.237993,422,411,4,7
2024-01-01 02:22:35.972844,422,413,9,0
2024-01-01 02:22:40.549656,422,400,15,7
2024-01-01 02:22:45.764893,422,408,11,3
2024-01-01 02:22:50.368671,422,403,15,4
2024-01-01 02:22:55.370270,422,420,0,2
2024-01-01 02:23:00.316042,422,401,12,9
2024-01-01 02:23:05.820300,422,415,0,7
2024-01-01 02:23:10.714588,422,401,12,9
2024-01-01 02:23:15.650209,422,406,16,0
2024-01-01 02:23:20.100141,422,419,2,1
2024-01-01 02:23:25.303474,422,415,2,5
2024-01-01 02:23:30.278535,422,416,4,2
2024-01-01 02:23:35.125470,422,396,19,7
2024-01-01 02:23:40.661423,422,406,8,8
2024-01-01 02:23:45.406594,422,401,12,9
2024-01-01 02:23:50.981168,422,397,16,9
2024-01-01 02:23:55.054985,422,411,2,9
2024-01-01 02:24:00.976477,422,412,8,2
2024-01-01 02:24:05.525381,422,403,11,8
2024-01-01 02:24:10.545500,422,410,10,2
2024-01-01 02:24:15.319116,422,401,15,6
2024-01-01 02:24:20.696373,422,410,6,6
2024-01-01 02:24:25.807767,422,421,1,0
2024-01-01 02:24:30.487072,422,401,15,6
2024-01-01 02:24:35.853475,422,416,5,1
2024-01-01 02:24:40.955971,422,405,12,5
2024-01-01 02:24:45.078126,422,403,14,5
2024-01-01 02:24:50.774411,422,397,19,6
2024-01-01 02:24:55.151334,422,404,15,3
2024-01-01 02:25:00.138248,422,412,1,9
2024-01-01 02:25:05.746177,422,411,11,0
2024-01-01 02:25:10.732231,422,405,11,6
2024-01-01 02:25:15.788102,422,406,8,8
2024-01-01 02:25:20.120891,422,403,16,3
2024-01-01 02:25:25.485597,422,404,13,5
2024-01-01 02:25:30.135423,422,399,14,9
2024-01-01 02:25:35.604061,422,410,6,6
2024-01-01 02:25:40.262965,422,412,5,5
2024-01-01 02:25:45.638701,422,405,10,7
2024-01-01 02:25:50.530800,422,402,19,1
2024-01-01 02:25:55.200644,422,414,4,4
2024-01-01 02:26:00.381993,422,421,1,0
2024-01-01 02:26:05.023974,422,416,5,1
2024-01-01 02:26:10.872404,422,404,11,7
2024-01-01 02:26:15.062602,422,411,2,9
2024-01-01 02:26:20.146013,422,407,6,9
2024-01-01 02:26:25.185376,422,412,7,3
2024-01-01 02:26:30.655571,422,414,5,3
2024-01-01 02:26:35.038750,422,410,8,4
2024-01-01 02:26:40.785616,422,403,11,8
2024-01-01 02:26:45.846921,422,398,19,5
2024-01-01 02:26:50.115882,422,406,14,2
2024-01-01 02:26:55.135813,422,420,2,0
2024-01-01 02:27:00.064448,422,402,19,1
2024-01-01 02:27:05.369724,422,414,3,5
2024-01-01 02:27:10.373264,422,420,1,1
2024-01-01 02:27:15.085700,422,410,8,4
2024-01-01 02:27:20.652341,422,413,5,4
2024-01-01 02:27:25.252495,422,402,12,8
2024-01-01 02:27:30.515273,422,410,12,0
2024-01-01 02:27:35.833139,422,402,14,6
2024-01-01 02:27:40.186996,422,409,8,5
2024-01-01 02:27:45.708891,422,414,0,8
2024-01-01 02:27:50.148617,422,418,3,1
2024-01-01 02:27:55.764468,422,411,7,4
2024-01-01 02:28:00.565412,422,410,10,2
2024-01-01 02:28:05.179822,422,412,2,8
2024-01-01 02:28:10.995922,422,413,5,4
2024-01-01 02:28:15.197133,422,415,4,3
2024-01-01 02:28:20.154605,422,417,3,2
2024-01-01 02:28:25.840643,422,405,12,5
2024-01-01 02:28:30.691569,422,408,10,4
2024-01-01 02:28:35.583655,422,406,7,9
2024-01-01 02:28:40.219547,422,404,15,3
2024-01-01 02:28:45.344208,422,411,8,3
2024-01-01 02:28:50.153948,422,408,7,7
2024-01-01 02:28:55.493629,422,400,18,4
2024-01-01 02:29:00.347734,422,416,4,2
2024-01-01 02:29:05.612149,422,408,13,1
2024-01-01 02:29:10.425439,422,412,8,2
2024-01-01 02:29:15.744263,422,406,10,6
2024-01-01 02:29:20.484101,422,402,19,1
2024-01-01 02:29:25.728397,422,406,13,3
2024-01-01 02:29:30.473347,422,413,8,1
2024-01-01 02:29:35.112608,422,414,6,2
2024-01-01 02:29:40.828911,422,406,11,5
2024-01-01 02:29:45.758030,422,408,8,6
2024-01-01 02:29:50.695697,422,412,8,2
2024-01-01 02:29:55.022556,422,401,14,7
2024-01-01 02:30:00.060730,422,400,17,5
2024-01-01 02:30:05.361538,422,407,8,7
2024-01-01 02:30:10.853976,422,410,5,7
2024-01-01 02:30:15.404387,422,402,14,6
2024-01-01 02:30:20.725242,422,408,9,5
2024-01-01 02:30:25.602640,422,404,10,8
2024-01-01 02:30:30.206222,422,406,15,1
2024-01-01 02:30:35.291085,422,402,17,3
2024-01-01 02:30:40.981627,422,408,8,6
2024-01-01 02:30:45.558056,422,410,12,0
2024-01-01 02:30:50.946543,422,401,15,6
2024-01-01 02:30:55.591020,422,410,9,3
2024-01-01 02:31:00.965944,422,411,3,8
2024-01-01 02:31:05.610887,422,405,12,5
2024-01-01 02:31:10.938463,422,412,8,2
2024-01-01 02:31:15.051163,422,402,12,8
2024-01-01 02:31:20.641145,422,417,5,0
2024-01-01 02:31:25.018336,422,415,6,1
2024-01-01 02:31:30.542676,422,409,12,1
2024-01-01 02:31:35.699217,422,407,8,7
2024-01-01 02:31:40.921784,422,412,7,3
2024-01-01 02:31:45.746725,422,414,6,2
2024-01-01 02:31:50.007333,422,407,10,5
2024-01-01 02:31:55.585622,422,410,7,5
2024-01-01 02:32:00.229548,422,407,14,1
2024-01-01 02:32:05.626934,422,411,9,2
2024-01-01 02:32:10.915807,422,417,4,1
2024-01-01 02:32:15.405847,422,402,17,3
2024-01-01 02:32:20.327226,422,418,1,3
2024-01-01 02:32:25.812497,422,417,0,5
2024-01-01 02:32:30.508921,422,406,9,7
2024-01-01 02:32:35.267273,422,412,5,5
2024-01-01 02:32:40.875524,422,405,12,5
2024-01-01 02:32:45.630123,422,414,5,3
2024-01-01 02:32:50.638830,422,405,17,0
2024-01-01 02:32:55.667794,422,408,14,0
2024-01-01 02:33:00.041381,422,398,18,6
2024-01-01 02:33:05.334563,422,412,4,6
2024-01-01 02:33:10.336166,422,414,8,0
2024-01-01 02:33:15.583437,422,408,5,9
2024-01-01 02:33:20.240037,422,398,15,9
2024-01-01 02:33:25.900527,422,410,9,3
2024-01-01 02:33:30.980238,422,410,6,6
2024-01-01 02:33:35.095149,422,407,11,4
2024-01-01 02:33:40.691437,422,411,11,0
2024-01-01 02:33:45.325906,422,417,3,2
2024-01-01 02:33:50.226169,422,404,12,6
2024-01-01 02:33:55.821323,422,410,3,9
2024-01-01 02:34:00.062750,422,400,18,4
2024-01-01 02:34:05.355093,422,407,11,4
2024-01-01 02:34:10.377692,422,403,15,4
2024-01-01 02:34:15.203953,422,405,10,7
2024-01-01 02:34:20.668255,422,411,7,4
2024-01-01 02:34:25.004336,422,416,0,6
2024-01-01 02:34:30.747239,422,411,5,6
2024-01-01 02:34:35.797734,422,410,10,2
2024-01-01 02:34:40.074179,422,401,14,7
2024-01-01 02:34:45.016889,422,410,10,2
2024-01-01 02:34:50.200042,422,401,18,3
2024-01-01 02:34:55.074475,422,411,10,1
2024-01-01 02:35:00.351643,422,401,13,8
2024-01-01 02:35:05.675332,422,396,17,9
2024-01-01 02:35:10.995106,422,401,12,9
2024-01-01 02:35:15.311531,422,409,12,1
2024-01-01 02:35:20.857424,422,420,1,1
2024-01-01 02:35:25.495513,422,408,7,7
2024-01-01 02:35:30.334291,422,401,17,4
2024-01-01 02:35:35.444951,422,398,18,6
2024-01-01 02:35:40.809571,422,403,16,3
2024-01-01 02:35:45.175904,422,411,2,9
2024-01-01 02:35:50.207497,422,413,7,2
2024-01-01 02:35:55.255616,422,417,0,5
2024-01-01 02:36:00.547571,422,417,3,2
2024-01-01 02:36:05.923558,422,405,9,8
2024-01-01 02:36:10.496461,422,400,14,8
2024-01-01 02:36:15.179560,422,418,2,2
2024-01-01 02:36:20.304144,422,415,2,5
2024-01-01 02:36:25.412658,422,402,13,7
2024-01-01 02:36:30.805300,422,401,16,5
2024-01-01 02:36:35.115276,422,416,6,0
2024-01-01 02:36:40.714728,422,407,12,3
2024-01-01 02:36:45.314565,422,413,8,1
2024-01-01 02:36:50.715768,422,411,5,6
2024-01-01 02:36:55.906824,422,419,2,1
2024-01-01 02:37:00.903195,422,400,19,3
2024-01-01 02:37:05.362253,422,405,16,1
2024-01-01 02:37:10.002194,422,404,12,6
2024-01-01 02:37:15.573748,422,415,4,3
2024-01-01 02:37:20.407277,422,414,0,8
2024-01-01 02:37:25.331103,422,415,7,0
2024-01-01 02:37:30.878120,422,417,4,1
2024-01-01 02:37:35.799902,422,414,2,6
2024-01-01 02:37:40.516883,422,404,14,4
2024-01-01 02:37:45.819017,422,421,1,0
2024-01-01 02:37:50.776318,422,400,19,3
2024-01-01 02:37:55.762505,422,396,18,8
2024-01-01 02:38:00.888030,422,412,10,0
2024-01-01 02:38:05.746122,422,419,2,1
2024-01-01 02:38:10.977450,422,405,17,0
2024-01-01 02:38:15.507641,422,413,9,0
2024-01-01 02:38:20.291597,422,418,3,1
2024-01-01 02:38:25.395695,422,402,13,7
2024-01-01 02:38:30.458765,422,412,2,8
2024-01-01 02:38:35.548575,422,401,13,8
2024-01-01 02:38:40.515156,422,402,18,2
2024-01-01 02:38:45.992569,422,409,4,9
2024-01-01 02:38:50.506214,422,403,12,7
2024-01-01 02:38:55.003464,422,405,11,6
2024-01-01 02:39:00.560818,422,397,16,9
2024-01-01 02:39:05.542824,422,398,16,8
2024-01-01 02:39:10.305943,422,409,8,5
2024-01-01 02:39:15.946216,422,415,5,2
2024-01-01 02:39:20.744868,422,408,10,4
2024-01-01 02:39:25.481966,422,408,11,3
2024-01-01 02:39:30.059922,422,418,2,2
2024-01-01 02:39:35.741484,422,409,13,0
2024-01-01 02:39:40.356033,422,404,14,4
2024-01-01 02:39:45.126949,422,417,5,0
2024-01-01 02:39:50.867489,422,404,12,6
2024-01-01 02:39:55.421753,422,407,10,5
2024-01-01 02:40:00.349178,422,406,8,8
2024-01-01 02:40:05.976071,422,405,15,2
2024-01-01 02:40:10.599972,422,407,15,0
2024-01-01 02:40:15.261805,422,403,14,5
2024-01-01 02:40:20.869264,422,399,19,4
2024-01-01 02:40:25.307418,422,414,4,4
2024-01-01 02:40:30.629635,422,409,12,1
2024-01-01 02:40:35.486011,422,409,13,0
2024-01-01 02:40:40.925309,422,405,16,1
2024-01-01 02:40:45.815394,422,399,16,7
2024-01-01 02:40:50.097699,422,404,17,1
2024-01-01 02:40:55.027712,422,408,14,0
2024-01-01 02:41:00.534305,422,394,19,9
2024-01-01 02:41:05.670782,422,405,16,1
2024-01-01 02:41:10.195879,422,418,3,1
2024-01-01 02:41:15.046877,422,418,0,4
2024-01-01 02:41:20.570478,422,401,19,2
2024-01-01 02:41:25.663020,422,403,10,9
2024-01-01 02:41:30.835864,422,407,11,4
2024-01-01 02:41:35.873444,422,406,14,2
2024-01-01 02:41:40.692054,422,402,11,9
2024-01-01 02:41:45.206477,422,410,5,7
2024-01-01 02:41:50.690243,422,405,9,8
2024-01-01 02:41:55.736465,422,412,7,3
2024-01-01 02:42:00.175879,422,409,7,6
2024-01-01 02:42:05.219473,422,414,2,6
2024-01-01 02:42:10.969257,422,409,10,3
2024-01-01 02:42:15.966196,422,411,3,8
2024-01-01 02:42:20.479096,422,402,18,2
2024-01-01 02:42:25.257427,422,415,1,6
2024-01-01 02:42:30.221502,422,414,1,7
2024-01-01 02:42:35.981708,422,409,4,9
2024-01-01 02:42:40.650540,422,404,16,2
2024-01-01 02:42:45.375207,422,402,13,7
2024-01-01 02:42:50.114977,422,398,15,9
2024-01-01 02:42:55.735251,422,407,15,0
2024-01-01 02:43:00.078429,422,410,8,4
2024-01-01 02:43:05.253950,422,398,18,6
2024-01-01 02:43:10.616251,422,405,16,1
2024-01-01 02:43:15.781150,422,398,15,9
2024-01-01 02:43:20.390122,422,405,13,4
2024-01-01 02:43:25.249218,422,403,14,5
2024-01-01 02:43:30.267574,422,410,5,7
2024-01-01 02:43:35.784481,422,407,8,7
2024-01-01 02:43:40.397900,422,402,15,5
2024-01-01 02:43:45.548334,422,404,11,7
2024-01-01 02:43:50.369416,422,403,13,6
2024-01-01 02:43:55.914162,422,410,7,5
2024-01-01 02:44:00.454625,422,396,19,7
2024-01-01 02:44:05.728603,422,418,2,2
2024-01-01 02:44:10.172120,422,413,3,6
2024-01-01 02:44:15.676795,422,404,9,9
2024-01-01 02:44:20.174491,422,399,14,9
2024-01-01 02:44:25.828032,422,399,14,9
2024-01-01 02:44:30.765550,422,409,7,6
2024-01-01 02:44:35.400339,422,401,16,5
2024-01-01 02:44:40.643130,422,404,16,2
2024-01-01 02:44:45.758436,422,407,8,7
2024-01-01 02:44:50.969886,422,416,6,0
2024-01-01 02:44:55.232493,422,395,19,8
2024-01-01 02:45:00.591755,422,406,11,5
2024-01-01 02:45:05.536350,422,408,8,6
2024-01-01 02:45:10.150466,422,402,17,3
2024-01-01 02:45:15.338549,422,409,11,2
2024-01-01 02:45:20.734927,422,409,8,5
2024-01-01 02:45:25.244442,422,402,17,3
2024-01-01 02:45:30.484230,422,409,12,1
2024-01-01 02:45:35.769446,422,399,17,6
2024-01-01 02:45:40.985147,422,412,8,2
2024-01-01 02:45:45.394250,422,422,0,0
2024-01-01 02:45:50.135151,422,405,14,3
2024-01-01 02:45:55.850053,422,403,14,5
2024-01-01 02:46:00.236270,422,407,7,8
2024-01-01 02:46:05.389922,422,405,8,9
2024-01-01 02:46:10.200048,422,413,2,7
2024-01-01 02:46:15.743966,422,401,19,2
2024-01-01 02:46:20.369673,422,401,17,4
2024-01-01 02:46:25.874319,422,420,0,2
2024-01-01 02:46:30.276080,422,415,3,4
2024-01-01 02:46:35.439520,422,418,4,0
